# Blender 4.4.1
# www.blender.org
mtllib Enemy2Down.mtl
o 円柱.014
v 0.711812 0.947186 -2.111612
v -0.711812 0.947186 -0.853104
v 0.711812 0.947186 -0.853104
v 0.711812 2.688282 -0.993408
v -0.711812 0.947186 -2.111612
v -0.711812 2.688282 -0.993408
v -0.711812 2.560179 -0.163798
v 0.711812 2.560179 -0.163798
v 0.000000 4.671208 -0.555570
v 0.000000 4.546845 -0.707107
v 0.108386 4.671208 -0.544895
v 0.074658 4.763618 -0.375330
v 0.000000 4.763618 -0.382683
v -0.108386 4.671208 -0.544895
v -0.137950 4.546845 -0.693520
v -0.212607 4.671208 -0.513279
v -0.162211 4.395308 -0.815493
v -0.318189 4.395308 -0.768177
v -0.270598 4.546845 -0.653281
v -0.461939 4.395308 -0.691341
v -0.308658 4.671208 -0.461939
v -0.392847 4.546845 -0.587938
v -0.392847 4.671208 -0.392847
v -0.500000 4.546845 -0.500000
v -0.587937 4.395308 -0.587938
v -0.513280 4.222422 -0.768177
v -0.691341 4.395308 -0.461940
v -0.653281 4.222422 -0.653281
v -0.815493 4.034829 -0.544895
v -0.768177 4.222422 -0.513280
v -0.693519 4.034829 -0.693520
v -0.544895 4.034829 -0.815493
v -0.707106 3.839738 -0.707106
v -0.831468 3.839738 -0.555570
v -0.815493 3.644648 -0.544895
v -0.693519 3.644648 -0.693520
v -0.923878 3.839738 -0.382683
v -0.906127 4.034829 -0.375330
v -0.980784 3.839738 -0.195091
v -0.906127 3.644648 -0.375330
v -0.961939 3.644648 -0.191342
v -0.853553 3.457055 -0.353553
v -0.768177 3.457055 -0.513280
v -0.653281 3.457055 -0.653281
v -0.691341 3.284168 -0.461940
v -0.768177 3.284168 -0.318190
v -0.815493 3.284168 -0.162212
v -0.587938 3.132632 -0.392847
v -0.653281 3.132632 -0.270598
v -0.513279 3.008269 -0.212607
v -0.544895 3.008269 -0.108386
v -0.693520 3.132632 -0.137950
v -0.555570 3.008269 -0.000000
v -0.707107 3.132632 -0.000000
v -0.831469 3.284168 -0.000000
v -0.906127 3.457055 -0.180240
v -0.815493 3.284168 0.162211
v -0.923879 3.457055 -0.000000
v -0.906127 3.457055 0.180240
v -0.961939 3.644648 0.191341
v -0.980785 3.644648 -0.000000
v -0.980784 3.839738 0.195090
v -0.999999 3.839738 -0.000000
v -0.961939 4.034829 -0.191342
v -0.980785 4.034829 -0.000000
v -0.961939 4.034829 0.191341
v -0.906127 4.222422 -0.180240
v -0.923879 4.222422 -0.000000
v -0.906127 4.222422 0.180240
v -0.815493 4.395308 0.162211
v -0.831469 4.395308 -0.000000
v -0.815493 4.395308 -0.162212
v -0.693520 4.546845 -0.137950
v -0.707107 4.546845 -0.000000
v -0.555570 4.671208 -0.000000
v -0.544895 4.671208 0.108386
v -0.693520 4.546845 0.137950
v -0.513280 4.671208 0.212607
v -0.653281 4.546845 0.270598
v -0.768177 4.395308 0.318189
v -0.853553 4.222422 0.353553
v -0.691341 4.395308 0.461939
v -0.587938 4.546845 0.392847
v -0.587938 4.395308 0.587937
v -0.768177 4.222422 0.513280
v -0.815493 4.034829 0.544895
v -0.693520 4.034829 0.693520
v -0.653281 4.222422 0.653281
v -0.513280 4.222422 0.768178
v -0.461940 4.395308 0.691341
v -0.544895 4.034829 0.815493
v -0.375330 4.034829 0.906127
v -0.555570 3.839738 0.831469
v -0.382683 3.839738 0.923879
v -0.544895 3.644648 0.815493
v -0.375330 3.644648 0.906127
v -0.195091 3.839738 0.980785
v -0.191342 3.644648 0.961939
v 0.000000 3.839738 0.999999
v -0.191342 4.034829 0.961939
v 0.000000 4.034829 0.980785
v -0.353553 4.222422 0.853553
v -0.180240 4.222422 0.906127
v 0.000000 4.222422 0.923879
v -0.162212 4.395308 0.815493
v 0.000000 4.395308 0.831469
v -0.137950 4.546845 0.693520
v 0.162212 4.395308 0.815493
v 0.000000 4.546845 0.707107
v 0.108386 4.671208 0.544895
v 0.137950 4.546845 0.693520
v 0.000000 4.671208 0.555570
v -0.074658 4.763618 0.375330
v 0.000000 4.763618 0.382683
v 0.074658 4.763618 0.375330
v -0.108386 4.671208 0.544895
v -0.270598 4.546845 0.653281
v -0.212608 4.671208 0.513280
v -0.392847 4.546845 0.587938
v -0.308658 4.671208 0.461939
v -0.146447 4.763618 0.353553
v -0.212608 4.763618 0.318190
v -0.074658 4.820524 0.180240
v 0.000000 4.839738 -0.000000
v -0.108386 4.820524 0.162212
v -0.038060 4.820524 0.191342
v 0.000000 4.820524 0.195090
v 0.038060 4.820524 0.191342
v 0.074658 4.820524 0.180240
v 0.146447 4.763618 0.353553
v 0.108386 4.820524 0.162212
v 0.270598 4.763618 0.270598
v 0.212607 4.763618 0.318190
v 0.137950 4.820524 0.137950
v 0.162212 4.820524 0.108386
v 0.180240 4.820524 0.074658
v 0.318190 4.763618 0.212608
v 0.392847 4.671208 0.392847
v 0.461940 4.671208 0.308658
v 0.353553 4.763618 0.146447
v 0.191342 4.820524 0.038060
v 0.375330 4.763618 0.074658
v 0.513280 4.671208 0.212608
v 0.544895 4.671208 0.108386
v 0.587938 4.546845 0.392847
v 0.653281 4.546845 0.270598
v 0.693520 4.546845 0.137950
v 0.815493 4.395308 0.162212
v 0.768178 4.395308 0.318190
v 0.768178 4.222422 0.513280
v 0.853553 4.222422 0.353553
v 0.691341 4.395308 0.461940
v 0.587938 4.395308 0.587938
v 0.500000 4.546845 0.500000
v 0.653281 4.222422 0.653281
v 0.815493 4.034829 0.544895
v 0.693520 4.034829 0.693520
v 0.513280 4.222422 0.768178
v 0.544895 4.034829 0.815493
v 0.461940 4.395308 0.691342
v 0.353553 4.222422 0.853553
v 0.318189 4.395308 0.768178
v 0.180240 4.222422 0.906127
v 0.375330 4.034829 0.906127
v 0.191342 4.034829 0.961939
v 0.382683 3.839738 0.923879
v 0.555570 3.839738 0.831469
v 0.707106 3.839738 0.707107
v 0.375330 3.644648 0.906127
v 0.544895 3.644648 0.815493
v 0.513280 3.457055 0.768178
v 0.693520 3.644648 0.693520
v 0.353553 3.457055 0.853553
v 0.461940 3.284168 0.691342
v 0.180240 3.457055 0.906127
v 0.318189 3.284168 0.768178
v 0.162212 3.284168 0.815493
v 0.270598 3.132632 0.653281
v 0.137950 3.132632 0.693520
v 0.000000 3.132632 0.707107
v 0.108386 3.008269 0.544895
v 0.212607 3.008269 0.513280
v 0.146447 2.915859 0.353553
v 0.212607 2.915859 0.318190
v 0.308658 3.008269 0.461940
v 0.392847 3.008269 0.392847
v 0.392847 3.132632 0.587938
v 0.500000 3.132632 0.500000
v 0.587938 3.284168 0.587938
v 0.653281 3.457055 0.653281
v 0.691341 3.284168 0.461940
v 0.768178 3.284168 0.318190
v 0.587938 3.132632 0.392847
v 0.768178 3.457055 0.513280
v 0.853553 3.457055 0.353553
v 0.906127 3.644648 0.375330
v 0.815493 3.644648 0.544895
v 0.831469 3.839738 0.555570
v 0.923879 3.839738 0.382683
v 0.980785 3.839738 0.195090
v 0.906127 4.034829 0.375330
v 0.961940 4.034829 0.191342
v 0.906127 4.222422 0.180240
v 0.980785 4.034829 -0.000000
v 1.000000 3.839738 -0.000000
v 0.980785 3.839738 -0.195090
v 0.980785 3.644648 -0.000000
v 0.961940 3.644648 0.191342
v 0.906127 3.457055 0.180240
v 0.923879 3.457055 -0.000000
v 0.815493 3.284168 0.162212
v 0.831469 3.284168 -0.000000
v 0.815493 3.284168 -0.162212
v 0.707107 3.132632 -0.000000
v 0.693520 3.132632 0.137950
v 0.653281 3.132632 0.270598
v 0.544895 3.008269 0.108386
v 0.555570 3.008269 -0.000000
v 0.544895 3.008269 -0.108386
v 0.382683 2.915859 -0.000000
v 0.375330 2.915859 0.074658
v 0.375330 2.915859 -0.074658
v 0.195090 2.858953 -0.000000
v 0.513280 3.008269 -0.212607
v 0.353553 2.915859 -0.146447
v 0.191342 2.858953 -0.038060
v 0.000000 2.839738 -0.000000
v 0.180240 2.858953 -0.074658
v 0.162212 2.858953 -0.108386
v 0.137950 2.858953 -0.137950
v 0.318190 2.915859 -0.212608
v 0.270598 2.915859 -0.270598
v 0.392847 3.008269 -0.392847
v 0.108386 2.858953 -0.162212
v 0.212608 2.915859 -0.318190
v 0.308658 3.008269 -0.461940
v 0.146447 2.915859 -0.353553
v 0.074658 2.858953 -0.180240
v 0.074658 2.915859 -0.375330
v 0.038060 2.858953 -0.191342
v 0.000000 2.915859 -0.382683
v 0.000000 2.858953 -0.195090
v -0.074658 2.915859 -0.375330
v -0.038060 2.858953 -0.191342
v -0.074658 2.858953 -0.180240
v -0.108386 2.858953 -0.162212
v -0.146446 2.915859 -0.353553
v -0.212607 2.915859 -0.318190
v -0.308658 3.008269 -0.461939
v -0.392847 3.008269 -0.392847
v -0.270598 2.915859 -0.270598
v -0.137950 2.858953 -0.137950
v -0.318189 2.915859 -0.212607
v -0.162212 2.858953 -0.108386
v -0.180240 2.858953 -0.074658
v -0.353553 2.915859 -0.146447
v -0.375330 2.915859 -0.074658
v -0.191342 2.858953 -0.038060
v -0.195090 2.858953 -0.000000
v -0.382683 2.915859 -0.000000
v -0.544895 3.008269 0.108386
v -0.375330 2.915859 0.074658
v -0.191342 2.858953 0.038060
v -0.180240 2.858953 0.074658
v -0.162212 2.858953 0.108386
v -0.353553 2.915859 0.146447
v -0.513280 3.008269 0.212607
v -0.461940 3.008269 0.308658
v -0.318190 2.915859 0.212607
v -0.392847 3.008269 0.392847
v -0.270598 2.915859 0.270598
v -0.308658 3.008269 0.461939
v -0.212608 2.915859 0.318190
v -0.137950 2.858953 0.137950
v -0.108386 2.858953 0.162212
v -0.146447 2.915859 0.353553
v -0.074658 2.858953 0.180240
v -0.074658 2.915859 0.375330
v -0.038060 2.858953 0.191342
v 0.000000 2.915859 0.382683
v 0.000000 2.858953 0.195090
v 0.074658 2.915859 0.375330
v 0.038060 2.858953 0.191342
v 0.074658 2.858953 0.180240
v 0.108386 2.858953 0.162212
v 0.137950 2.858953 0.137950
v 0.270598 2.915859 0.270598
v 0.318190 2.915859 0.212608
v 0.162212 2.858953 0.108386
v 0.180240 2.858953 0.074658
v 0.191342 2.858953 0.038060
v 0.353553 2.915859 0.146447
v 0.513280 3.008269 0.212608
v 0.461940 3.008269 0.308658
v 0.000000 3.008269 0.555570
v -0.108386 3.008269 0.544895
v -0.137950 3.132632 0.693520
v 0.000000 3.284168 0.831469
v -0.162212 3.284168 0.815493
v -0.270598 3.132632 0.653281
v -0.392847 3.132632 0.587938
v -0.212608 3.008269 0.513280
v -0.318190 3.284168 0.768177
v -0.353553 3.457055 0.853553
v -0.513280 3.457055 0.768178
v -0.461940 3.284168 0.691341
v -0.587938 3.284168 0.587937
v -0.500000 3.132632 0.500000
v -0.653281 3.457055 0.653281
v -0.693520 3.644648 0.693520
v -0.768177 3.457055 0.513280
v -0.815493 3.644648 0.544895
v -0.853553 3.457055 0.353553
v -0.691341 3.284168 0.461939
v -0.653281 3.132632 0.270598
v -0.587938 3.132632 0.392847
v -0.768177 3.284168 0.318189
v -0.693520 3.132632 0.137950
v -0.906127 3.644648 0.375330
v -0.831469 3.839738 0.555569
v -0.923879 3.839738 0.382683
v -0.906127 4.034829 0.375330
v -0.707106 3.839738 0.707106
v -0.180240 3.457055 0.906127
v 0.000000 3.644648 0.980785
v 0.000000 3.457055 0.923879
v 0.191342 3.644648 0.961939
v 0.195090 3.839738 0.980785
v -0.461939 3.008269 -0.308658
v -0.500000 3.132632 -0.500000
v -0.587937 3.284168 -0.587938
v -0.392847 3.132632 -0.587938
v -0.270598 3.132632 -0.653281
v -0.461939 3.284168 -0.691341
v -0.353553 3.457055 -0.853553
v -0.318189 3.284168 -0.768177
v -0.513280 3.457055 -0.768177
v -0.544895 3.644648 -0.815493
v -0.375330 3.644648 -0.906127
v -0.555569 3.839738 -0.831469
v -0.375330 4.034829 -0.906127
v -0.382683 3.839738 -0.923879
v -0.195090 3.839738 -0.980784
v -0.191341 3.644648 -0.961939
v -0.191341 4.034829 -0.961939
v -0.180240 4.222422 -0.906127
v 0.000000 4.222422 -0.923879
v 0.000000 4.034829 -0.980785
v 0.191342 4.034829 -0.961940
v 0.195090 3.839738 -0.980785
v 0.000000 3.839738 -1.000000
v 0.180240 4.222422 -0.906127
v 0.162212 4.395308 -0.815493
v 0.353553 4.222422 -0.853553
v 0.318190 4.395308 -0.768178
v 0.513280 4.222422 -0.768178
v 0.375330 4.034829 -0.906127
v 0.382683 3.839738 -0.923879
v 0.544895 4.034829 -0.815493
v 0.555570 3.839738 -0.831469
v 0.693520 4.034829 -0.693520
v 0.653281 4.222422 -0.653281
v 0.587938 4.395308 -0.587938
v 0.461940 4.395308 -0.691342
v 0.768178 4.222422 -0.513280
v 0.853553 4.222422 -0.353553
v 0.691342 4.395308 -0.461940
v 0.815493 4.034829 -0.544895
v 0.831470 3.839738 -0.555570
v 0.906127 4.034829 -0.375330
v 0.707107 3.839738 -0.707107
v 0.693520 3.644648 -0.693520
v 0.815493 3.644648 -0.544895
v 0.906127 3.644648 -0.375330
v 0.768178 3.457055 -0.513280
v 0.853553 3.457055 -0.353553
v 0.768178 3.284168 -0.318190
v 0.906127 3.457055 -0.180240
v 0.691342 3.284168 -0.461940
v 0.653281 3.132632 -0.270598
v 0.587938 3.132632 -0.392847
v 0.587938 3.284168 -0.587938
v 0.653281 3.457055 -0.653281
v 0.461940 3.284168 -0.691342
v 0.500000 3.132632 -0.500000
v 0.392847 3.132632 -0.587938
v 0.318190 3.284168 -0.768178
v 0.212608 3.008269 -0.513280
v 0.270598 3.132632 -0.653281
v 0.108386 3.008269 -0.544895
v 0.137950 3.132632 -0.693520
v 0.000000 3.284168 -0.831470
v 0.162212 3.284168 -0.815493
v 0.000000 3.132632 -0.707107
v 0.000000 3.008269 -0.555570
v -0.108386 3.008269 -0.544895
v -0.137950 3.132632 -0.693520
v -0.162211 3.284168 -0.815493
v -0.180240 3.457055 -0.906127
v 0.000000 3.457055 -0.923879
v 0.180240 3.457055 -0.906127
v 0.000000 3.644648 -0.980785
v 0.191342 3.644648 -0.961940
v 0.353553 3.457055 -0.853553
v 0.375330 3.644648 -0.906127
v 0.544895 3.644648 -0.815493
v 0.513280 3.457055 -0.768178
v -0.212607 3.008269 -0.513279
v 0.461940 3.008269 -0.308658
v 0.693520 3.132632 -0.137950
v 0.961940 3.644648 -0.191342
v 0.923879 3.839738 -0.382683
v 0.961940 4.034829 -0.191342
v 0.906127 4.222422 -0.180240
v 0.923879 4.222422 -0.000000
v 0.831469 4.395308 -0.000000
v 0.815493 4.395308 -0.162212
v 0.707107 4.546845 -0.000000
v 0.768178 4.395308 -0.318190
v 0.693520 4.546845 -0.137950
v 0.653281 4.546845 -0.270598
v 0.544895 4.671208 -0.108386
v 0.513280 4.671208 -0.212607
v 0.375330 4.763618 -0.074658
v 0.353553 4.763618 -0.146447
v 0.318190 4.763618 -0.212608
v 0.461940 4.671208 -0.308658
v 0.392847 4.671208 -0.392847
v 0.587938 4.546845 -0.392847
v 0.500000 4.546845 -0.500000
v 0.308658 4.671208 -0.461940
v 0.392847 4.546845 -0.587938
v 0.270598 4.546845 -0.653281
v 0.212608 4.671208 -0.513280
v 0.146447 4.763618 -0.353553
v 0.038060 4.820524 -0.191342
v 0.074658 4.820524 -0.180240
v 0.212608 4.763618 -0.318190
v 0.270598 4.763618 -0.270598
v 0.108386 4.820524 -0.162212
v 0.137950 4.820524 -0.137950
v 0.162212 4.820524 -0.108386
v 0.180240 4.820524 -0.074658
v 0.191342 4.820524 -0.038060
v 0.195090 4.820524 -0.000000
v 0.382683 4.763618 -0.000000
v 0.555570 4.671208 -0.000000
v 0.000000 4.820524 -0.195090
v -0.038060 4.820524 -0.191342
v -0.074658 4.820524 -0.180240
v -0.074658 4.763618 -0.375330
v -0.146446 4.763618 -0.353553
v -0.212607 4.763618 -0.318190
v -0.137950 4.820524 -0.137950
v -0.108386 4.820524 -0.162212
v -0.270598 4.763618 -0.270598
v -0.461939 4.671208 -0.308658
v -0.318189 4.763618 -0.212607
v -0.162212 4.820524 -0.108386
v -0.180240 4.820524 -0.074658
v -0.191342 4.820524 -0.038060
v -0.375330 4.763618 -0.074658
v -0.353553 4.763618 -0.146447
v -0.544895 4.671208 -0.108386
v -0.513279 4.671208 -0.212607
v -0.587938 4.546845 -0.392847
v -0.653281 4.546845 -0.270598
v -0.768177 4.395308 -0.318190
v -0.853553 4.222422 -0.353553
v -0.382683 4.763618 -0.000000
v -0.191342 4.820524 0.038060
v -0.195090 4.820524 -0.000000
v -0.375330 4.763618 0.074658
v -0.353553 4.763618 0.146447
v -0.180240 4.820524 0.074658
v -0.162212 4.820524 0.108386
v -0.137950 4.820524 0.137950
v -0.318190 4.763618 0.212607
v -0.270598 4.763618 0.270598
v -0.392847 4.671208 0.392847
v -0.500000 4.546845 0.500000
v -0.461940 4.671208 0.308658
v 0.137950 4.546845 -0.693520
v 0.000000 4.395308 -0.831470
v -0.353553 4.222422 -0.853553
v 0.270598 4.546845 0.653281
v 0.308658 4.671208 0.461940
v 0.212607 4.671208 0.513280
v 0.392847 4.546845 0.587938
v -0.318190 4.395308 0.768177
v 0.811686 3.830420 -0.595504
v 0.811686 3.913628 -0.584062
v 0.811686 3.747212 -0.584062
v 1.001867 3.830420 -0.595504
v 1.001867 3.913628 -0.584062
v 0.811686 3.993638 -0.550174
v 1.001867 3.993638 -0.550174
v 1.001867 3.747212 -0.584062
v 1.001867 3.667202 -0.550174
v 0.811686 3.667202 -0.550174
v 0.811686 3.593464 -0.495144
v 0.811686 4.067376 -0.495144
v 1.001867 3.593464 -0.495144
v 0.811686 3.528832 -0.421085
v 0.811686 4.132008 -0.421085
v 0.811686 4.185050 -0.330845
v 1.001867 4.185050 -0.330845
v 1.001867 4.132008 -0.421085
v 1.001867 3.528832 -0.421085
v 1.001867 4.067376 -0.495144
v 1.001867 3.475790 -0.330845
v 0.811686 3.475790 -0.330845
v 0.811686 3.436376 -0.227890
v 1.001867 3.436376 -0.227890
v 0.811686 3.412106 -0.116177
v 0.811686 4.224463 -0.227890
v 0.811686 4.248734 -0.116177
v 1.001867 4.248734 -0.116177
v 1.001867 4.224463 -0.227890
v 1.001867 3.412106 -0.116177
v 1.001867 3.403910 -0.000000
v 0.811686 3.403910 -0.000000
v 0.811686 4.256929 -0.000000
v 0.811686 3.412106 0.116177
v 0.811686 4.248734 0.116177
v 0.811686 3.436376 0.227890
v 0.811686 4.224463 0.227890
v 1.001867 4.224463 0.227890
v 1.001867 4.248734 0.116177
v 1.001867 3.436376 0.227890
v 1.001867 3.412106 0.116177
v 1.001867 4.256929 -0.000000
v 1.001867 4.185050 0.330845
v 0.811686 3.475790 0.330845
v 1.001867 3.475790 0.330845
v 0.811686 3.528832 0.421085
v 1.001867 4.132008 0.421085
v 1.001867 3.528832 0.421085
v 1.001867 4.067376 0.495144
v 0.811686 3.593464 0.495144
v 1.001867 3.593464 0.495144
v 0.811686 3.667202 0.550174
v 1.001867 3.993638 0.550174
v 1.001867 3.667202 0.550174
v 1.001867 3.747212 0.584062
v 0.811686 3.747212 0.584062
v 0.811686 3.993638 0.550174
v 0.811686 3.830420 0.595504
v 0.811686 3.913628 0.584062
v 1.001867 3.830420 0.595504
v 1.001867 3.913628 0.584062
v 0.811686 4.067376 0.495144
v 0.811686 4.132008 0.421085
v 0.811686 4.185050 0.330845
v -0.523629 3.238143 2.005926
v 1.000000 2.761773 1.737469
v -1.000000 2.761773 1.737469
v -1.000000 4.761773 1.737469
v -0.523629 4.285402 2.005926
v 0.523629 3.238143 2.005926
v 1.000000 4.761773 1.737469
v 0.523629 4.285402 2.005926
v 1.000000 2.761773 1.322319
v 1.000000 4.761773 1.322319
v -1.000000 4.761773 1.322319
v 0.213045 3.974818 0.878834
v -0.213045 3.974818 0.878834
v -0.213045 3.548727 0.878834
v -1.000000 2.761773 1.322319
v 0.213045 3.548727 0.878834
v -0.523629 3.155145 0.523629
v 1.000000 2.962080 1.000000
v -1.000000 2.962080 1.000000
v -0.523629 3.155145 -0.523629
v 0.523629 3.155145 0.523629
v 1.000000 2.962080 -1.000000
v 0.523629 3.155145 -0.523629
v -1.000000 2.962080 -1.000000
v -1.000000 2.663517 -1.000000
v 1.000000 2.663517 -1.000000
v 1.000000 2.663517 1.000000
v 0.213045 2.344578 -0.213045
v -0.213045 2.344578 -0.213045
v -0.213045 2.344578 0.213045
v -1.000000 2.663517 1.000000
v 0.213045 2.344578 0.213045
v -0.523629 4.285402 -2.005931
v 1.000000 4.761773 -1.737474
v -1.000000 4.761773 -1.737474
v -0.523629 3.238143 -2.005931
v 0.523629 4.285402 -2.005931
v 0.523629 3.238143 -2.005931
v -1.000000 2.761773 -1.737474
v 1.000000 2.761773 -1.737474
v 1.000000 4.761773 -1.322324
v 1.000000 2.761773 -1.322324
v -1.000000 2.761773 -1.322324
v 0.213045 3.548727 -0.878839
v -0.213045 3.548727 -0.878839
v -0.213045 3.974818 -0.878839
v 0.213045 3.974818 -0.878839
v -1.000000 4.761773 -1.322324
v -1.840251 3.535019 -1.000000
v -1.025985 4.855868 1.000000
v -1.840251 3.535019 1.000000
v -2.654517 3.178261 -1.000000
v -1.840251 2.977306 -1.000000
v -1.025985 2.855868 -1.000000
v -1.025985 4.855868 -1.000000
v -0.816222 4.074878 -0.219010
v -0.816222 4.074878 0.219010
v -0.816222 3.636859 -0.219010
v -0.816222 3.636859 0.219010
v -1.025985 2.855868 1.000000
v -1.840251 2.977306 1.000000
v -2.654517 3.178261 1.000000
v -2.654517 1.178261 1.000000
v -2.905972 2.114481 0.063779
v -2.905972 2.114481 -0.063779
v -2.654517 1.178261 -1.000000
v -2.905972 2.242040 -0.063779
v -2.905972 2.242040 0.063779
v 0.157405 4.164426 1.423695
v 0.157405 4.131450 1.708779
v 0.157405 4.131450 1.426461
v 2.157405 4.164426 1.423695
v 2.157405 4.197402 1.426461
v 0.157405 4.197402 1.426461
v 0.157405 4.164426 1.711544
v 2.157405 4.131450 1.708779
v 0.157405 4.197402 1.708779
v 2.157405 4.164426 1.711544
v 2.157405 4.197402 1.708779
v 2.157405 4.184905 1.659968
v 2.157405 4.164426 1.661777
v 2.157405 4.143947 1.659968
v 2.157405 4.124255 1.654610
v 0.323352 4.124255 1.654610
v 0.323352 4.143947 1.659968
v 0.323352 4.164426 1.661777
v 0.323352 4.164426 1.473463
v 0.323352 4.184905 1.659968
v 0.323352 4.184905 1.475272
v 2.157405 4.204597 1.654610
v 0.323352 4.204597 1.654610
v 0.323352 4.222745 1.645909
v 0.323352 4.204597 1.480630
v 0.323352 4.222745 1.489331
v 2.157405 4.204597 1.480630
v 2.157405 4.222745 1.489331
v 2.157405 4.229111 1.434651
v 2.157405 4.184905 1.475272
v 2.157405 4.164426 1.473463
v 2.157405 4.143947 1.475272
v 0.323352 4.143947 1.475272
v 0.323352 4.124255 1.480630
v 2.157405 4.124255 1.480630
v 2.157405 4.131450 1.426461
v 2.157405 4.099741 1.434651
v 0.157405 4.099741 1.434651
v 0.157405 4.070518 1.447951
v 0.157405 4.099741 1.700589
v 2.157405 4.099741 1.700589
v 2.157405 4.070518 1.687289
v 0.157405 4.070518 1.687289
v 0.157405 4.044904 1.465850
v 0.157405 4.044904 1.669390
v 2.157405 4.044903 1.669390
v 2.157405 4.090199 1.634199
v 2.157405 4.077145 1.619931
v 2.157405 4.023882 1.647580
v 2.157405 4.067445 1.603652
v 2.157405 4.008262 1.622697
v 0.157405 4.023882 1.647580
v 0.157405 4.008263 1.622697
v 0.157405 4.008263 1.512542
v 0.157405 4.023882 1.487660
v 2.157405 4.023882 1.487660
v 2.157405 4.044903 1.465850
v 2.157405 4.090199 1.501041
v 2.157405 4.077145 1.515309
v 2.157405 4.070518 1.447951
v 2.157405 4.106107 1.489331
v 0.323352 4.106107 1.489331
v 0.323352 4.090199 1.634199
v 0.323352 4.090199 1.501041
v 0.323352 4.106107 1.645909
v 2.157405 4.106107 1.645909
v 0.323352 4.077145 1.515309
v 0.323352 4.077145 1.619931
v 0.323352 4.067445 1.531588
v 2.157405 4.067445 1.531588
v 0.323352 4.061471 1.549251
v 0.323352 4.061471 1.585989
v 0.323352 4.067445 1.603652
v 2.157405 4.061471 1.585989
v 2.157405 4.059454 1.567620
v 2.157405 3.998644 1.595698
v 2.157405 3.995396 1.567620
v 0.157405 3.998644 1.595698
v 0.157405 3.998644 1.539542
v 0.157405 3.995396 1.567620
v 2.157405 3.998644 1.539542
v 2.157405 4.061471 1.549251
v 2.157405 4.008262 1.512542
v 0.323352 4.059454 1.567620
v 2.157405 4.258334 1.447951
v 0.157405 4.229111 1.434651
v 0.157405 4.258334 1.447951
v 0.157405 4.258334 1.687289
v 0.157405 4.229111 1.700589
v 2.157405 4.229111 1.700589
v 2.157405 4.222745 1.645909
v 2.157405 4.258334 1.687289
v 0.157405 4.283948 1.669390
v 2.157405 4.283948 1.669390
v 2.157405 4.238652 1.634199
v 2.157405 4.251707 1.619931
v 0.323352 4.238652 1.634199
v 0.323352 4.238652 1.501041
v 0.323352 4.251707 1.619931
v 0.323352 4.251707 1.515309
v 2.157405 4.251707 1.515309
v 2.157405 4.238652 1.501041
v 0.323352 4.261407 1.531588
v 2.157405 4.261407 1.531588
v 0.323352 4.267381 1.549251
v 0.323352 4.267381 1.585989
v 0.323352 4.261407 1.603652
v 2.157405 4.267381 1.585989
v 2.157405 4.261407 1.603652
v 2.157405 4.320589 1.622697
v 2.157405 4.304969 1.647580
v 0.157405 4.304969 1.647580
v 0.157405 4.320590 1.622697
v 0.157405 4.330208 1.595698
v 0.157405 4.320590 1.512542
v 0.157405 4.304969 1.487660
v 0.157405 4.283948 1.465850
v 2.157405 4.304969 1.487660
v 2.157405 4.320589 1.512542
v 2.157405 4.267381 1.549251
v 2.157405 4.330208 1.539542
v 2.157405 4.269398 1.567620
v 2.157405 4.333456 1.567620
v 0.157405 4.330208 1.539542
v 0.157405 4.333456 1.567620
v 2.157405 4.330208 1.595698
v 0.323352 4.269398 1.567620
v 2.157405 4.283948 1.465850
v 0.157405 3.734246 1.423695
v 0.157405 3.701269 1.708779
v 0.157405 3.701269 1.426461
v 2.157405 3.734246 1.423695
v 2.157405 3.767222 1.426461
v 0.157405 3.767222 1.426461
v 0.157405 3.734246 1.711544
v 2.157405 3.701269 1.708779
v 2.157405 3.734246 1.711544
v 0.157405 3.767222 1.708779
v 2.157405 3.767222 1.708779
v 0.157405 3.798931 1.700589
v 0.157405 3.798931 1.434651
v 0.157405 3.828154 1.447951
v 0.157405 3.828154 1.687289
v 2.157405 3.828154 1.447951
v 2.157405 3.798930 1.434651
v 2.157405 3.780877 1.479754
v 2.157405 3.800259 1.488542
v 0.323352 3.800259 1.488542
v 0.323352 3.817247 1.500370
v 2.157405 3.817247 1.500370
v 0.323352 3.831189 1.514782
v 2.157405 3.853768 1.465850
v 2.157405 3.831189 1.514782
v 2.157405 3.874789 1.487660
v 0.323352 3.841549 1.531224
v 2.157405 3.841549 1.531224
v 0.323352 3.847929 1.549066
v 2.157405 3.847929 1.549066
v 2.157405 3.890409 1.512542
v 0.157405 3.890409 1.512542
v 0.157405 3.874789 1.487660
v 2.157405 3.900028 1.539542
v 2.157405 3.850083 1.567620
v 2.157405 3.903275 1.567620
v 0.157405 3.900028 1.539542
v 0.157405 3.890409 1.622697
v 0.157405 3.900028 1.595698
v 0.157405 3.903276 1.567620
v 2.157405 3.900028 1.595698
v 2.157405 3.890409 1.622697
v 2.157405 3.847929 1.586174
v 0.323352 3.847929 1.586174
v 0.323352 3.841549 1.604015
v 2.157405 3.841549 1.604015
v 2.157405 3.874789 1.647580
v 0.323352 3.831189 1.620458
v 2.157405 3.831189 1.620458
v 2.157405 3.817247 1.634870
v 0.323352 3.817247 1.634870
v 2.157405 3.853768 1.669390
v 2.157405 3.828154 1.687289
v 0.157405 3.853768 1.669390
v 0.157405 3.874789 1.647580
v 0.157405 3.853768 1.465850
v 2.157405 3.798930 1.700589
v 2.157405 3.800259 1.646698
v 2.157405 3.780877 1.655486
v 0.323352 3.800259 1.646698
v 0.323352 3.780877 1.479754
v 0.323352 3.780877 1.655486
v 0.323352 3.759846 1.474342
v 2.157405 3.759846 1.660898
v 0.323352 3.759846 1.660898
v 0.323352 3.737975 1.662726
v 2.157405 3.737975 1.662726
v 0.323352 3.737975 1.472514
v 0.323352 3.716104 1.474342
v 2.157405 3.716104 1.474342
v 2.157405 3.737975 1.472514
v 0.323352 3.716104 1.660898
v 2.157405 3.695073 1.655486
v 0.323352 3.695073 1.655486
v 2.157405 3.716104 1.660898
v 2.157405 3.675691 1.646698
v 0.323352 3.675691 1.646698
v 0.323352 3.695073 1.479754
v 2.157405 3.695073 1.479754
v 2.157405 3.675691 1.488542
v 0.323352 3.675691 1.488542
v 0.323352 3.658702 1.500370
v 0.323352 3.658702 1.634870
v 2.157405 3.658702 1.634870
v 0.323352 3.644760 1.514782
v 0.323352 3.644760 1.620458
v 2.157405 3.644760 1.620458
v 2.157405 3.634400 1.604015
v 2.157405 3.593702 1.647580
v 2.157405 3.614723 1.669390
v 2.157405 3.640337 1.687289
v 0.157405 3.640337 1.687289
v 0.157405 3.614723 1.669390
v 0.157405 3.593702 1.647580
v 0.157405 3.593702 1.487660
v 0.157405 3.614723 1.465850
v 2.157405 3.640337 1.447951
v 2.157405 3.614723 1.465850
v 0.157405 3.640337 1.447951
v 0.157405 3.669561 1.434651
v 0.157405 3.669561 1.700589
v 2.157405 3.669560 1.434651
v 2.157405 3.701269 1.426461
v 2.157405 3.669560 1.700589
v 2.157405 3.644760 1.514782
v 2.157405 3.593702 1.487660
v 2.157405 3.658702 1.500370
v 0.157405 3.578082 1.512542
v 2.157405 3.578082 1.512542
v 2.157405 3.634400 1.531224
v 2.157405 3.628021 1.549066
v 0.323352 3.634400 1.531224
v 0.323352 3.628021 1.549066
v 0.323352 3.625867 1.567620
v 0.323352 3.628021 1.586174
v 2.157405 3.625867 1.567620
v 2.157405 3.628021 1.586174
v 0.323352 3.634400 1.604015
v 2.157405 3.578082 1.622697
v 2.157405 3.568463 1.595698
v 0.157405 3.578082 1.622697
v 2.157405 3.565215 1.567620
v 0.157405 3.568463 1.595698
v 0.157405 3.568463 1.539542
v 0.157405 3.565216 1.567620
v 2.157405 3.568463 1.539542
v 2.157405 3.759846 1.474342
v 0.323352 3.850083 1.567620
v 0.157405 3.293170 1.423695
v 0.157405 3.260194 1.708779
v 0.157405 3.260194 1.426461
v 2.157405 3.293170 1.423695
v 2.157405 3.326146 1.426461
v 0.157405 3.326146 1.426461
v 0.157405 3.293170 1.711544
v 2.157405 3.260194 1.708779
v 2.157405 3.326146 1.708779
v 2.157405 3.293170 1.711544
v 0.157405 3.326146 1.708779
v 0.157405 3.357855 1.434651
v 0.157405 3.357855 1.700589
v 2.157405 3.357855 1.700589
v 0.157405 3.387078 1.687289
v 2.157405 3.387078 1.687289
v 0.157405 3.412693 1.669390
v 0.157405 3.387078 1.447951
v 2.157405 3.387078 1.447951
v 0.157405 3.412693 1.465850
v 2.157405 3.412692 1.465850
v 2.157405 3.386251 1.495475
v 2.157405 3.402151 1.510936
v 2.157405 3.433713 1.487660
v 2.157405 3.413966 1.528575
v 2.157405 3.449333 1.512542
v 0.157405 3.433714 1.487660
v 0.157405 3.449334 1.512542
v 0.157405 3.433714 1.647580
v 0.157405 3.449334 1.622697
v 2.157405 3.449333 1.622697
v 2.157405 3.433713 1.647580
v 0.157405 3.458952 1.595698
v 0.157405 3.458952 1.539542
v 2.157405 3.458952 1.595698
v 0.157405 3.462200 1.567620
v 2.157405 3.462200 1.567620
v 2.157405 3.458952 1.539542
v 2.157405 3.423699 1.567620
v 2.157405 3.421242 1.587525
v 2.157405 3.421242 1.547715
v 0.323352 3.421242 1.587525
v 0.323352 3.423699 1.567620
v 0.323352 3.421242 1.547715
v 0.323352 3.413967 1.528575
v 0.323352 3.413967 1.606665
v 0.323352 3.402151 1.624304
v 2.157405 3.413966 1.606665
v 2.157405 3.402151 1.624304
v 0.323352 3.386251 1.639765
v 2.157405 3.412692 1.669390
v 2.157405 3.386251 1.639765
v 2.157405 3.366876 1.652454
v 0.323352 3.366876 1.652454
v 0.323352 3.366876 1.482786
v 0.323352 3.386251 1.495475
v 0.323352 3.344771 1.661882
v 2.157405 3.344771 1.661882
v 2.157405 3.320786 1.667688
v 2.157405 3.295843 1.669649
v 0.323352 3.320786 1.667688
v 0.323352 3.320786 1.467552
v 0.323352 3.344771 1.473358
v 0.323352 3.295843 1.669649
v 0.323352 3.270899 1.467552
v 0.323352 3.295843 1.465591
v 0.323352 3.270899 1.667688
v 2.157405 3.270899 1.667688
v 2.157405 3.246914 1.661882
v 2.157405 3.224810 1.652454
v 0.323352 3.246914 1.661882
v 2.157405 3.228485 1.700589
v 0.157405 3.228485 1.700589
v 2.157405 3.199262 1.687289
v 2.157405 3.205435 1.639765
v 2.157405 3.173648 1.669390
v 0.157405 3.199262 1.687289
v 0.157405 3.173648 1.465850
v 0.157405 3.173648 1.669390
v 0.157405 3.199262 1.447951
v 0.157405 3.228485 1.434651
v 2.157405 3.228485 1.434651
v 2.157405 3.199262 1.447951
v 2.157405 3.224810 1.482786
v 2.157405 3.205435 1.495475
v 2.157405 3.173648 1.465850
v 2.157405 3.189534 1.510936
v 2.157405 3.152627 1.487660
v 0.157405 3.152627 1.487660
v 0.157405 3.152627 1.647580
v 0.157405 3.137007 1.512542
v 0.157405 3.137007 1.622697
v 2.157405 3.137007 1.512542
v 0.157405 3.127388 1.539542
v 2.157405 3.127388 1.539542
v 0.157405 3.124140 1.567620
v 0.157405 3.127388 1.595698
v 2.157405 3.124140 1.567620
v 2.157405 3.127388 1.595698
v 2.157405 3.137007 1.622697
v 2.157405 3.167987 1.567620
v 2.157405 3.170443 1.587525
v 0.323352 3.177719 1.606665
v 2.157405 3.177719 1.606665
v 0.323352 3.170443 1.587525
v 0.323352 3.170443 1.547715
v 0.323352 3.167987 1.567620
v 2.157405 3.170443 1.547715
v 2.157405 3.177719 1.528575
v 0.323352 3.177719 1.528575
v 0.323352 3.189534 1.624304
v 0.323352 3.189534 1.510936
v 0.323352 3.205435 1.495475
v 0.323352 3.205435 1.639765
v 2.157405 3.189534 1.624304
v 0.323352 3.224810 1.652454
v 0.323352 3.224810 1.482786
v 0.323352 3.246914 1.473358
v 2.157405 3.246914 1.473358
v 2.157405 3.260194 1.426461
v 2.157405 3.270899 1.467552
v 2.157405 3.295843 1.465591
v 2.157405 3.320786 1.467552
v 2.157405 3.357855 1.434651
v 2.157405 3.344771 1.473358
v 2.157405 3.366876 1.482786
v 2.157405 3.152627 1.647580
v 0.323352 3.402151 1.510936
v 0.157405 3.316581 -1.711543
v 0.157405 3.283604 -1.426460
v 0.157405 3.283604 -1.708777
v 2.157405 3.316580 -1.711543
v 2.157405 3.349556 -1.708777
v 0.157405 3.349557 -1.708777
v 0.157405 3.316581 -1.423694
v 2.157405 3.283604 -1.426460
v 2.157405 3.316580 -1.423694
v 2.157405 3.349556 -1.426460
v 0.157405 3.349557 -1.426460
v 0.157405 3.381266 -1.434650
v 0.157405 3.381266 -1.700587
v 2.157405 3.381265 -1.700587
v 2.157405 3.410489 -1.687287
v 0.157405 3.410489 -1.447950
v 0.157405 3.410489 -1.687287
v 2.157405 3.436103 -1.669388
v 0.157405 3.436103 -1.669388
v 0.157405 3.436103 -1.465849
v 0.157405 3.457124 -1.487658
v 2.157405 3.436103 -1.465849
v 2.157405 3.410489 -1.447950
v 2.157405 3.409661 -1.495473
v 2.157405 3.390286 -1.482785
v 2.157405 3.381265 -1.434650
v 2.157405 3.344197 -1.467550
v 2.157405 3.368181 -1.473356
v 0.323352 3.368182 -1.473356
v 0.323352 3.390286 -1.482785
v 0.323352 3.368182 -1.661881
v 0.323352 3.390286 -1.652452
v 0.323352 3.409661 -1.495473
v 2.157405 3.425562 -1.510934
v 0.323352 3.425562 -1.510934
v 0.323352 3.425562 -1.624303
v 0.323352 3.409661 -1.639764
v 2.157405 3.409661 -1.639764
v 2.157405 3.390286 -1.652452
v 2.157405 3.425562 -1.624303
v 0.323352 3.437377 -1.606663
v 2.157405 3.437377 -1.606663
v 2.157405 3.457124 -1.647579
v 2.157405 3.472744 -1.622696
v 0.157405 3.457124 -1.647579
v 0.157405 3.472744 -1.512541
v 0.157405 3.472744 -1.622696
v 0.157405 3.482363 -1.595697
v 2.157405 3.482363 -1.595697
v 2.157405 3.447109 -1.567618
v 2.157405 3.485610 -1.567618
v 2.157405 3.444653 -1.587523
v 0.323352 3.447109 -1.567618
v 0.323352 3.444653 -1.587523
v 0.323352 3.444653 -1.547714
v 0.323352 3.437377 -1.528574
v 2.157405 3.437377 -1.528574
v 2.157405 3.444653 -1.547714
v 2.157405 3.482363 -1.539540
v 2.157405 3.472744 -1.512541
v 2.157405 3.457124 -1.487658
v 0.157405 3.482363 -1.539540
v 0.157405 3.485610 -1.567618
v 2.157405 3.368181 -1.661881
v 2.157405 3.344197 -1.667687
v 0.323352 3.344197 -1.667687
v 2.157405 3.319253 -1.669647
v 2.157405 3.294310 -1.667687
v 0.323352 3.319253 -1.669647
v 0.323352 3.294310 -1.667687
v 0.323352 3.319253 -1.465590
v 0.323352 3.344197 -1.467550
v 2.157405 3.319253 -1.465590
v 2.157405 3.294310 -1.467550
v 2.157405 3.270325 -1.473356
v 0.323352 3.294310 -1.467550
v 0.323352 3.270325 -1.473356
v 0.323352 3.270325 -1.661881
v 0.323352 3.248220 -1.652452
v 2.157405 3.248220 -1.652452
v 2.157405 3.270325 -1.661881
v 2.157405 3.251895 -1.700587
v 2.157405 3.283604 -1.708777
v 0.157405 3.251895 -1.700587
v 0.157405 3.251895 -1.434650
v 0.157405 3.222672 -1.687287
v 0.157405 3.222672 -1.447950
v 0.157405 3.197058 -1.669388
v 2.157405 3.222672 -1.687287
v 2.157405 3.228845 -1.639764
v 2.157405 3.197058 -1.669388
v 2.157405 3.212945 -1.624303
v 2.157405 3.176037 -1.647579
v 0.157405 3.176037 -1.647579
v 0.157405 3.160417 -1.622696
v 0.157405 3.176037 -1.487658
v 0.157405 3.197058 -1.465849
v 2.157405 3.176037 -1.487658
v 2.157405 3.197058 -1.465849
v 2.157405 3.222672 -1.447950
v 2.157405 3.212945 -1.510934
v 2.157405 3.228845 -1.495473
v 2.157405 3.248220 -1.482785
v 0.323352 3.248220 -1.482785
v 0.323352 3.228845 -1.495473
v 0.323352 3.212945 -1.510934
v 0.323352 3.228845 -1.639764
v 0.323352 3.212945 -1.624303
v 0.323352 3.201129 -1.606663
v 0.323352 3.201129 -1.528574
v 0.323352 3.193854 -1.587523
v 0.323352 3.193854 -1.547714
v 2.157405 3.193854 -1.547714
v 2.157405 3.201129 -1.528574
v 2.157405 3.160417 -1.512541
v 0.157405 3.160417 -1.512541
v 2.157405 3.150798 -1.539540
v 0.157405 3.150798 -1.539540
v 2.157405 3.191397 -1.567618
v 2.157405 3.147550 -1.567618
v 2.157405 3.150798 -1.595697
v 0.157405 3.147550 -1.567618
v 0.157405 3.150798 -1.595697
v 2.157405 3.160417 -1.622696
v 2.157405 3.201129 -1.606663
v 2.157405 3.193854 -1.587523
v 0.323352 3.191397 -1.567618
v 2.157405 3.251895 -1.434650
v 0.157405 3.734246 -1.711543
v 0.157405 3.701269 -1.426460
v 0.157405 3.701269 -1.708777
v 2.157405 3.734246 -1.711543
v 2.157405 3.767222 -1.708777
v 0.157405 3.767222 -1.708777
v 0.157405 3.734246 -1.423694
v 2.157405 3.701269 -1.426460
v 0.157405 3.767222 -1.426460
v 2.157405 3.734246 -1.423694
v 2.157405 3.767222 -1.426460
v 2.157405 3.737975 -1.472514
v 2.157405 3.716104 -1.474342
v 2.157405 3.695073 -1.479754
v 0.323352 3.737975 -1.472514
v 0.323352 3.716104 -1.474342
v 0.323352 3.695073 -1.479754
v 0.323352 3.695073 -1.655486
v 0.323352 3.716104 -1.660898
v 2.157405 3.695073 -1.655486
v 2.157405 3.716104 -1.660898
v 0.323352 3.737975 -1.662726
v 0.323352 3.759846 -1.660898
v 2.157405 3.737975 -1.662726
v 2.157405 3.759846 -1.660898
v 0.323352 3.780877 -1.655486
v 2.157405 3.780877 -1.655486
v 2.157405 3.798930 -1.700587
v 2.157405 3.800259 -1.646698
v 0.323352 3.800259 -1.646698
v 0.323352 3.817247 -1.634870
v 0.323352 3.800259 -1.488542
v 0.323352 3.780877 -1.479754
v 0.323352 3.759846 -1.474342
v 2.157405 3.759846 -1.474342
v 2.157405 3.780877 -1.479754
v 2.157405 3.798930 -1.434650
v 2.157405 3.800259 -1.488542
v 2.157405 3.817247 -1.500370
v 2.157405 3.828154 -1.447950
v 0.323352 3.817247 -1.500370
v 0.323352 3.831189 -1.620458
v 0.323352 3.831189 -1.514782
v 2.157405 3.831189 -1.514782
v 2.157405 3.853768 -1.465849
v 2.157405 3.841549 -1.531225
v 2.157405 3.874789 -1.487658
v 0.157405 3.874789 -1.487658
v 0.157405 3.890409 -1.512541
v 2.157405 3.890409 -1.512541
v 2.157405 3.900028 -1.539540
v 0.157405 3.900028 -1.539540
v 2.157405 3.847929 -1.549066
v 2.157405 3.850083 -1.567620
v 0.323352 3.847929 -1.549066
v 0.323352 3.841549 -1.531225
v 0.323352 3.841549 -1.604015
v 2.157405 3.831189 -1.620458
v 0.323352 3.847929 -1.586174
v 2.157405 3.841549 -1.604015
v 2.157405 3.847929 -1.586174
v 2.157405 3.874789 -1.647579
v 2.157405 3.890409 -1.622696
v 0.157405 3.874789 -1.647579
v 0.157405 3.890409 -1.622696
v 2.157405 3.900028 -1.595697
v 2.157405 3.903275 -1.567618
v 0.157405 3.900028 -1.595697
v 0.157405 3.903276 -1.567618
v 0.157405 3.853768 -1.669388
v 2.157405 3.853768 -1.669388
v 0.157405 3.853768 -1.465849
v 0.157405 3.828154 -1.687287
v 0.157405 3.828154 -1.447950
v 0.157405 3.798931 -1.700587
v 2.157405 3.828154 -1.687287
v 2.157405 3.817247 -1.634870
v 0.157405 3.798931 -1.434650
v 0.323352 3.850083 -1.567620
v 2.157405 3.701269 -1.708777
v 0.157405 3.669561 -1.700587
v 2.157405 3.669560 -1.700587
v 2.157405 3.675691 -1.646698
v 2.157405 3.640337 -1.687287
v 0.157405 3.640337 -1.687287
v 0.157405 3.614723 -1.669388
v 0.157405 3.640337 -1.447950
v 0.157405 3.669561 -1.434650
v 2.157405 3.669560 -1.434650
v 2.157405 3.640337 -1.447950
v 2.157405 3.675691 -1.488542
v 2.157405 3.658702 -1.500370
v 2.157405 3.614723 -1.465849
v 0.157405 3.614723 -1.465849
v 2.157405 3.644760 -1.514782
v 2.157405 3.593702 -1.487658
v 2.157405 3.634400 -1.531225
v 2.157405 3.578082 -1.512541
v 0.157405 3.593702 -1.487658
v 0.157405 3.578082 -1.512541
v 0.157405 3.578082 -1.622696
v 0.157405 3.593702 -1.647579
v 2.157405 3.593702 -1.647579
v 2.157405 3.614723 -1.669388
v 2.157405 3.658702 -1.634870
v 2.157405 3.644760 -1.620458
v 0.323352 3.644760 -1.620458
v 0.323352 3.634400 -1.604015
v 2.157405 3.634400 -1.604015
v 0.323352 3.628021 -1.586174
v 2.157405 3.628021 -1.586174
v 2.157405 3.578082 -1.622696
v 0.157405 3.568463 -1.595697
v 2.157405 3.568463 -1.595697
v 0.157405 3.565216 -1.567618
v 2.157405 3.565215 -1.567618
v 2.157405 3.625867 -1.567620
v 0.323352 3.625867 -1.567620
v 0.323352 3.628021 -1.549066
v 2.157405 3.628021 -1.549066
v 2.157405 3.568463 -1.539540
v 0.157405 3.568463 -1.539540
v 0.323352 3.634400 -1.531225
v 0.323352 3.644760 -1.514782
v 0.323352 3.658702 -1.500370
v 0.323352 3.675691 -1.488542
v 0.323352 3.658702 -1.634870
v 0.323352 3.675691 -1.646698
v 0.157405 4.164426 -1.711543
v 0.157405 4.131450 -1.426460
v 0.157405 4.131450 -1.708777
v 2.157405 4.164426 -1.711543
v 2.157405 4.197402 -1.708777
v 0.157405 4.197402 -1.708777
v 0.157405 4.164426 -1.423694
v 2.157405 4.131450 -1.426460
v 0.157405 4.197402 -1.426460
v 2.157405 4.164426 -1.423694
v 2.157405 4.197402 -1.426460
v 2.157405 4.184905 -1.475271
v 2.157405 4.164426 -1.473462
v 2.157405 4.143947 -1.475271
v 2.157405 4.124255 -1.480629
v 0.323352 4.124255 -1.480629
v 0.323352 4.143947 -1.475271
v 0.323352 4.164426 -1.473462
v 0.323352 4.164426 -1.661775
v 0.323352 4.184905 -1.475271
v 0.323352 4.143947 -1.659966
v 0.323352 4.124255 -1.654608
v 2.157405 4.143947 -1.659966
v 2.157405 4.131450 -1.708777
v 2.157405 4.124255 -1.654608
v 2.157405 4.164426 -1.661775
v 0.323352 4.184905 -1.659966
v 2.157405 4.184905 -1.659966
v 2.157405 4.204597 -1.654608
v 2.157405 4.222745 -1.645907
v 2.157405 4.229111 -1.700587
v 0.323352 4.204597 -1.654608
v 0.323352 4.222745 -1.645907
v 0.323352 4.222745 -1.489330
v 0.323352 4.238652 -1.501040
v 0.323352 4.238652 -1.634197
v 0.323352 4.251707 -1.619929
v 2.157405 4.238652 -1.634197
v 2.157405 4.283948 -1.669388
v 2.157405 4.251707 -1.619929
v 2.157405 4.258334 -1.687287
v 0.157405 4.229111 -1.700587
v 0.157405 4.258334 -1.687287
v 0.157405 4.258334 -1.447950
v 0.157405 4.283948 -1.465849
v 0.157405 4.283948 -1.669388
v 0.157405 4.304969 -1.487658
v 0.157405 4.304969 -1.647579
v 2.157405 4.304969 -1.647579
v 2.157405 4.261407 -1.603651
v 2.157405 4.320589 -1.622696
v 2.157405 4.267381 -1.585988
v 2.157405 4.330208 -1.595697
v 0.157405 4.320590 -1.622696
v 0.157405 4.330208 -1.595697
v 0.157405 4.320590 -1.512541
v 2.157405 4.320589 -1.512541
v 0.157405 4.330208 -1.539540
v 2.157405 4.304969 -1.487658
v 2.157405 4.283948 -1.465849
v 2.157405 4.251707 -1.515308
v 2.157405 4.261407 -1.531586
v 0.323352 4.261407 -1.531586
v 2.157405 4.267381 -1.549249
v 0.323352 4.251707 -1.515308
v 0.323352 4.261407 -1.603651
v 0.323352 4.267381 -1.585988
v 0.323352 4.267381 -1.549249
v 0.323352 4.269398 -1.567618
v 2.157405 4.269398 -1.567618
v 2.157405 4.330208 -1.539540
v 2.157405 4.333456 -1.567618
v 0.157405 4.333456 -1.567618
v 2.157405 4.238652 -1.501040
v 2.157405 4.222745 -1.489330
v 2.157405 4.258334 -1.447950
v 2.157405 4.229111 -1.434650
v 0.157405 4.229111 -1.434650
v 2.157405 4.204597 -1.480629
v 0.323352 4.204597 -1.480629
v 2.157405 4.099741 -1.700587
v 2.157405 4.106107 -1.645907
v 0.323352 4.106107 -1.645907
v 2.157405 4.090199 -1.634197
v 2.157405 4.070518 -1.687287
v 2.157405 4.044903 -1.669388
v 0.157405 4.070518 -1.687287
v 0.157405 4.044904 -1.669388
v 0.157405 4.044904 -1.465849
v 0.157405 4.070518 -1.447950
v 0.157405 4.023882 -1.647579
v 0.157405 4.023882 -1.487658
v 0.157405 4.008263 -1.622696
v 2.157405 4.023882 -1.647579
v 2.157405 4.008262 -1.622696
v 2.157405 4.067445 -1.603651
v 2.157405 4.077145 -1.619929
v 0.323352 4.077145 -1.619929
v 0.323352 4.067445 -1.603651
v 0.323352 4.077145 -1.515308
v 0.323352 4.067445 -1.531586
v 0.323352 4.061471 -1.585988
v 2.157405 4.061471 -1.585988
v 0.323352 4.059454 -1.567618
v 0.323352 4.061471 -1.549249
v 2.157405 4.059454 -1.567618
v 2.157405 4.061471 -1.549249
v 2.157405 4.067445 -1.531586
v 2.157405 4.008262 -1.512541
v 2.157405 3.998644 -1.539540
v 0.157405 4.008263 -1.512541
v 2.157405 3.995396 -1.567618
v 0.157405 3.998644 -1.539540
v 0.157405 3.998644 -1.595697
v 0.157405 3.995396 -1.567618
v 2.157405 3.998644 -1.595697
v 2.157405 4.023882 -1.487658
v 2.157405 4.044903 -1.465849
v 2.157405 4.077145 -1.515308
v 0.323352 4.090199 -1.501040
v 2.157405 4.090199 -1.501040
v 2.157405 4.070518 -1.447950
v 2.157405 4.106107 -1.489330
v 0.323352 4.106107 -1.489330
v 0.323352 4.090199 -1.634197
v 2.157405 4.099741 -1.434650
v 0.157405 4.099741 -1.434650
v 0.157405 4.099741 -1.700587
v -0.711812 0.947186 2.111612
v 0.711812 0.947186 0.853105
v -0.711812 0.947186 0.853105
v -0.711812 2.688282 0.993408
v 0.711812 2.688282 0.993408
v 0.711812 0.947186 2.111612
v 0.711812 2.560179 0.163799
v -0.711812 2.560179 0.163799
v 0.981486 3.674947 0.159586
v 0.981486 3.746929 0.205227
v 0.981486 3.906257 -0.205227
v 0.981486 3.978240 -0.159586
v 1.068514 3.674947 0.159586
v 1.068514 3.746929 0.205227
v 1.068514 3.906257 -0.205227
v 1.068514 3.978240 -0.159586
v 0.981486 3.918440 0.207878
v 0.981486 3.987552 0.157996
v 0.981486 3.665635 -0.142382
v 0.981486 3.734746 -0.192265
v 1.068514 3.918440 0.207878
v 1.068514 3.987552 0.157996
v 1.068514 3.665635 -0.142382
v 1.068514 3.734746 -0.192265
vn -0.0000 -1.0000 -0.0000
vn 1.0000 -0.0000 -0.0000
vn -0.0000 0.5404 -0.8414
vn -1.0000 -0.0000 -0.0000
vn -0.0000 0.9883 0.1526
vn -0.0000 -0.3930 0.9196
vn -0.0624 0.7715 -0.6332
vn 0.0624 0.7715 -0.6332
vn 0.0464 0.8810 -0.4709
vn -0.0464 0.8810 -0.4709
vn -0.0759 0.6326 -0.7708
vn -0.1847 0.7715 -0.6088
vn -0.2248 0.6326 -0.7412
vn -0.3651 0.6326 -0.6831
vn -0.2999 0.7715 -0.5611
vn -0.4036 0.7715 -0.4918
vn -0.4913 0.6326 -0.5987
vn -0.5601 0.4696 -0.6825
vn -0.5987 0.6326 -0.4913
vn -0.6825 0.4696 -0.5601
vn -0.7400 0.2890 -0.6073
vn -0.6073 0.2890 -0.7400
vn -0.6314 0.0975 -0.7693
vn -0.7693 0.0975 -0.6314
vn -0.7693 -0.0975 -0.6314
vn -0.8777 -0.0975 -0.4691
vn -0.8777 0.0975 -0.4691
vn -0.9524 0.0975 -0.2889
vn -0.9524 -0.0975 -0.2889
vn -0.9161 -0.2890 -0.2779
vn -0.8443 -0.2890 -0.4513
vn -0.7400 -0.2890 -0.6073
vn -0.6825 -0.4696 -0.5601
vn -0.7786 -0.4696 -0.4162
vn -0.7412 -0.6326 -0.2248
vn -0.8448 -0.4696 -0.2563
vn -0.6831 -0.6326 -0.3651
vn -0.5611 -0.7715 -0.2999
vn -0.6088 -0.7715 -0.1847
vn -0.6332 -0.7715 -0.0624
vn -0.7708 -0.6326 -0.0759
vn -0.8786 -0.4696 -0.0865
vn -0.7708 -0.6326 0.0759
vn -0.8786 -0.4696 0.0865
vn -0.9527 -0.2890 0.0938
vn -0.9527 -0.2890 -0.0938
vn -0.9904 -0.0975 -0.0976
vn -0.9904 -0.0975 0.0976
vn -0.9904 0.0975 -0.0976
vn -0.9904 0.0975 0.0976
vn -0.9527 0.2890 -0.0938
vn -0.9527 0.2890 0.0938
vn -0.8786 0.4696 0.0865
vn -0.8786 0.4696 -0.0865
vn -0.7708 0.6326 -0.0759
vn -0.7708 0.6326 0.0759
vn -0.6332 0.7715 -0.0624
vn -0.6332 0.7715 0.0624
vn -0.6088 0.7715 0.1847
vn -0.7412 0.6326 0.2248
vn -0.7786 0.4696 0.4162
vn -0.8448 0.4696 0.2563
vn -0.6831 0.6326 0.3651
vn -0.5987 0.6326 0.4913
vn -0.6825 0.4696 0.5601
vn -0.8443 0.2890 0.4513
vn -0.7400 0.2890 0.6073
vn -0.5601 0.4696 0.6825
vn -0.6073 0.2890 0.7400
vn -0.4513 0.2890 0.8443
vn -0.6314 0.0975 0.7693
vn -0.4691 0.0975 0.8777
vn -0.4691 -0.0975 0.8777
vn -0.2889 -0.0976 0.9524
vn -0.2889 -0.0975 0.9524
vn -0.2889 0.0976 0.9524
vn -0.2889 0.0975 0.9524
vn -0.0975 -0.0975 0.9904
vn -0.0975 -0.0976 0.9904
vn -0.0975 0.0975 0.9904
vn -0.0975 0.0976 0.9904
vn -0.0976 0.0975 0.9904
vn -0.0938 0.2890 0.9527
vn -0.2779 0.2890 0.9161
vn -0.0865 0.4696 0.8786
vn -0.2563 0.4696 0.8448
vn -0.0759 0.6326 0.7708
vn 0.0865 0.4696 0.8786
vn 0.0759 0.6326 0.7708
vn 0.0624 0.7715 0.6332
vn -0.0624 0.7715 0.6332
vn -0.0464 0.8810 0.4709
vn 0.0464 0.8810 0.4709
vn -0.1847 0.7715 0.6088
vn -0.1374 0.8810 0.4528
vn -0.2999 0.7715 0.5611
vn -0.2230 0.8810 0.4173
vn -0.2231 0.8810 0.4173
vn -0.0846 0.9565 0.2790
vn -0.1374 0.9566 0.2571
vn -0.1374 0.9565 0.2571
vn -0.0464 0.9951 0.0869
vn -0.0286 0.9951 0.0942
vn -0.0286 0.9565 0.2902
vn -0.0097 0.9951 0.0980
vn 0.0286 0.9565 0.2902
vn 0.0097 0.9951 0.0980
vn 0.0846 0.9565 0.2790
vn 0.0286 0.9951 0.0942
vn 0.1374 0.9566 0.2571
vn 0.1374 0.9565 0.2571
vn 0.0464 0.9951 0.0869
vn 0.1850 0.9565 0.2254
vn 0.0625 0.9951 0.0761
vn 0.0761 0.9951 0.0625
vn 0.2254 0.9565 0.1850
vn 0.0869 0.9951 0.0464
vn 0.2571 0.9565 0.1374
vn 0.3658 0.8810 0.3002
vn 0.4173 0.8810 0.2231
vn 0.2790 0.9565 0.0846
vn 0.4528 0.8810 0.1374
vn 0.5611 0.7715 0.2999
vn 0.6088 0.7715 0.1847
vn 0.7412 0.6326 0.2248
vn 0.6831 0.6326 0.3651
vn 0.7786 0.4696 0.4162
vn 0.8448 0.4696 0.2563
vn 0.6825 0.4696 0.5601
vn 0.5987 0.6326 0.4913
vn 0.7400 0.2890 0.6073
vn 0.6073 0.2890 0.7400
vn 0.5601 0.4696 0.6825
vn 0.4513 0.2890 0.8443
vn 0.4162 0.4696 0.7786
vn 0.2563 0.4696 0.8448
vn 0.2779 0.2890 0.9161
vn 0.2889 0.0975 0.9524
vn 0.4691 0.0975 0.8777
vn 0.6314 0.0975 0.7693
vn 0.6314 -0.0975 0.7693
vn 0.4691 -0.0975 0.8777
vn 0.4513 -0.2890 0.8443
vn 0.6073 -0.2890 0.7400
vn 0.4162 -0.4696 0.7786
vn 0.2779 -0.2890 0.9161
vn 0.2563 -0.4696 0.8448
vn 0.2563 -0.4696 0.8449
vn 0.2248 -0.6326 0.7412
vn 0.3651 -0.6326 0.6831
vn 0.0759 -0.6326 0.7708
vn 0.1847 -0.7715 0.6088
vn 0.0624 -0.7715 0.6332
vn 0.1374 -0.8810 0.4528
vn 0.2230 -0.8810 0.4173
vn 0.2999 -0.7715 0.5611
vn 0.3002 -0.8810 0.3658
vn 0.4036 -0.7715 0.4918
vn 0.4913 -0.6326 0.5987
vn 0.5601 -0.4696 0.6825
vn 0.6825 -0.4696 0.5601
vn 0.5987 -0.6326 0.4913
vn 0.7786 -0.4696 0.4162
vn 0.6831 -0.6326 0.3651
vn 0.8443 -0.2890 0.4513
vn 0.7400 -0.2890 0.6073
vn 0.7693 -0.0975 0.6314
vn 0.8777 -0.0975 0.4691
vn 0.8777 0.0975 0.4691
vn 0.9524 0.0975 0.2889
vn 0.9524 -0.0975 0.2889
vn 0.9161 0.2890 0.2779
vn 0.8443 0.2890 0.4513
vn 0.9527 0.2890 0.0938
vn 0.9904 0.0975 0.0975
vn 0.9904 0.0976 0.0975
vn 0.9904 0.0975 0.0976
vn 0.9904 0.0975 -0.0975
vn 0.9904 0.0976 -0.0976
vn 0.9904 -0.0975 -0.0975
vn 0.9904 -0.0976 -0.0976
vn 0.9904 -0.0975 0.0975
vn 0.9904 -0.0976 0.0975
vn 0.9904 -0.0975 0.0976
vn 0.9527 -0.2890 0.0938
vn 0.9161 -0.2890 0.2779
vn 0.8786 -0.4696 0.0865
vn 0.8448 -0.4696 0.2563
vn 0.7708 -0.6326 0.0759
vn 0.7708 -0.6326 -0.0759
vn 0.8786 -0.4696 -0.0865
vn 0.7412 -0.6326 0.2248
vn 0.6332 -0.7715 0.0624
vn 0.6088 -0.7715 0.1847
vn 0.4709 -0.8810 -0.0464
vn 0.6332 -0.7715 -0.0624
vn 0.4709 -0.8810 0.0464
vn 0.2902 -0.9565 -0.0286
vn 0.4528 -0.8810 -0.1374
vn 0.2790 -0.9565 -0.0846
vn 0.0980 -0.9951 -0.0096
vn 0.0942 -0.9951 -0.0286
vn 0.0869 -0.9951 -0.0464
vn 0.2571 -0.9565 -0.1375
vn 0.2571 -0.9565 -0.1374
vn 0.0761 -0.9951 -0.0625
vn 0.2254 -0.9565 -0.1850
vn 0.3002 -0.8810 -0.3658
vn 0.3658 -0.8810 -0.3002
vn 0.1850 -0.9566 -0.2254
vn 0.1850 -0.9565 -0.2254
vn 0.2230 -0.8810 -0.4173
vn 0.1374 -0.9565 -0.2571
vn 0.0846 -0.9565 -0.2790
vn 0.0286 -0.9951 -0.0942
vn 0.0464 -0.9951 -0.0869
vn 0.0286 -0.9565 -0.2902
vn 0.0097 -0.9951 -0.0980
vn -0.0097 -0.9951 -0.0980
vn -0.0286 -0.9565 -0.2902
vn -0.0286 -0.9951 -0.0942
vn -0.0846 -0.9565 -0.2790
vn -0.0464 -0.9951 -0.0869
vn -0.1374 -0.9565 -0.2571
vn -0.1374 -0.9566 -0.2571
vn -0.1374 -0.9565 -0.2572
vn -0.2230 -0.8810 -0.4173
vn -0.3002 -0.8810 -0.3658
vn -0.1850 -0.9565 -0.2254
vn -0.0625 -0.9951 -0.0761
vn -0.0761 -0.9951 -0.0625
vn -0.2254 -0.9565 -0.1850
vn -0.0869 -0.9951 -0.0464
vn -0.2571 -0.9565 -0.1374
vn -0.2571 -0.9565 -0.1375
vn -0.0942 -0.9951 -0.0286
vn -0.2790 -0.9565 -0.0846
vn -0.0980 -0.9951 -0.0096
vn -0.2902 -0.9565 -0.0286
vn -0.4709 -0.8810 -0.0464
vn -0.4709 -0.8810 0.0464
vn -0.2902 -0.9565 0.0286
vn -0.0980 -0.9951 0.0096
vn -0.0942 -0.9951 0.0286
vn -0.2790 -0.9565 0.0846
vn -0.0869 -0.9951 0.0464
vn -0.2571 -0.9565 0.1375
vn -0.2571 -0.9565 0.1374
vn -0.4528 -0.8810 0.1374
vn -0.4173 -0.8810 0.2230
vn -0.4173 -0.8810 0.2231
vn -0.3658 -0.8810 0.3002
vn -0.2254 -0.9565 0.1850
vn -0.3002 -0.8810 0.3658
vn -0.1850 -0.9566 0.2254
vn -0.1850 -0.9565 0.2254
vn -0.1374 -0.9565 0.2571
vn -0.0464 -0.9951 0.0869
vn -0.0625 -0.9951 0.0761
vn -0.0846 -0.9565 0.2790
vn -0.0286 -0.9951 0.0942
vn -0.0286 -0.9565 0.2902
vn -0.0097 -0.9951 0.0980
vn 0.0097 -0.9951 0.0980
vn 0.0286 -0.9565 0.2902
vn 0.0286 -0.9951 0.0942
vn 0.0846 -0.9565 0.2790
vn 0.0464 -0.9951 0.0869
vn 0.1374 -0.9565 0.2571
vn 0.0625 -0.9951 0.0761
vn 0.1850 -0.9565 0.2254
vn 0.1850 -0.9566 0.2254
vn 0.3658 -0.8810 0.3002
vn 0.2254 -0.9565 0.1850
vn 0.0761 -0.9951 0.0625
vn 0.0869 -0.9951 0.0464
vn 0.2571 -0.9565 0.1375
vn 0.2571 -0.9565 0.1374
vn 0.0942 -0.9951 0.0286
vn 0.2790 -0.9565 0.0846
vn 0.4528 -0.8810 0.1374
vn 0.4173 -0.8810 0.2231
vn 0.4918 -0.7715 0.4036
vn 0.5611 -0.7715 0.2999
vn 0.0980 -0.9951 0.0096
vn 0.2902 -0.9565 0.0286
vn 0.0464 -0.8810 0.4709
vn -0.0624 -0.7715 0.6332
vn -0.0464 -0.8810 0.4709
vn -0.1847 -0.7715 0.6088
vn -0.0759 -0.6326 0.7708
vn -0.2248 -0.6326 0.7412
vn -0.3651 -0.6326 0.6831
vn -0.2999 -0.7715 0.5611
vn -0.4162 -0.4696 0.7786
vn -0.2563 -0.4696 0.8448
vn -0.4913 -0.6326 0.5987
vn -0.5601 -0.4696 0.6825
vn -0.6073 -0.2890 0.7400
vn -0.7400 -0.2890 0.6073
vn -0.6825 -0.4696 0.5601
vn -0.8443 -0.2890 0.4513
vn -0.7786 -0.4696 0.4162
vn -0.6831 -0.6326 0.3651
vn -0.5987 -0.6326 0.4913
vn -0.7412 -0.6326 0.2248
vn -0.8448 -0.4696 0.2563
vn -0.6088 -0.7715 0.1847
vn -0.6332 -0.7715 0.0624
vn -0.5611 -0.7715 0.2999
vn -0.4918 -0.7715 0.4036
vn -0.9161 -0.2890 0.2779
vn -0.9524 -0.0975 0.2889
vn -0.8777 -0.0975 0.4691
vn -0.8777 -0.0975 0.4692
vn -0.9524 0.0975 0.2889
vn -0.8777 0.0975 0.4691
vn -0.8777 0.0975 0.4692
vn -0.9161 0.2890 0.2779
vn -0.7693 0.0975 0.6314
vn -0.7693 -0.0975 0.6314
vn -0.6314 -0.0975 0.7693
vn -0.4036 -0.7715 0.4918
vn -0.4513 -0.2890 0.8443
vn -0.2779 -0.2890 0.9161
vn -0.0938 -0.2890 0.9527
vn -0.0865 -0.4696 0.8786
vn 0.0865 -0.4696 0.8786
vn 0.0938 -0.2890 0.9527
vn 0.2889 -0.0976 0.9524
vn 0.2889 -0.0975 0.9524
vn 0.0975 -0.0975 0.9904
vn 0.0976 -0.0976 0.9904
vn 0.0975 0.0975 0.9904
vn 0.2889 0.0976 0.9524
vn 0.0976 0.0976 0.9904
vn -0.0976 -0.0975 0.9904
vn -0.2231 -0.8810 0.4173
vn -0.2230 -0.8810 0.4173
vn -0.1374 -0.8810 0.4528
vn -0.0761 -0.9951 0.0625
vn -0.4528 -0.8810 -0.1374
vn -0.4173 -0.8810 -0.2230
vn -0.4173 -0.8810 -0.2231
vn -0.3658 -0.8810 -0.3002
vn -0.4918 -0.7715 -0.4036
vn -0.4036 -0.7715 -0.4918
vn -0.5987 -0.6326 -0.4913
vn -0.4913 -0.6326 -0.5987
vn -0.3651 -0.6326 -0.6831
vn -0.2999 -0.7715 -0.5611
vn -0.4162 -0.4696 -0.7786
vn -0.5601 -0.4696 -0.6825
vn -0.6073 -0.2890 -0.7400
vn -0.4513 -0.2890 -0.8443
vn -0.6314 -0.0975 -0.7693
vn -0.4691 -0.0975 -0.8777
vn -0.4691 0.0975 -0.8777
vn -0.4692 0.0975 -0.8777
vn -0.4692 -0.0975 -0.8777
vn -0.2889 0.0975 -0.9524
vn -0.2889 -0.0975 -0.9524
vn -0.2779 0.2890 -0.9161
vn -0.0938 0.2890 -0.9527
vn -0.0976 0.0975 -0.9904
vn 0.0975 0.0975 -0.9904
vn 0.0938 0.2890 -0.9527
vn 0.0976 0.0976 -0.9904
vn -0.0976 0.0976 -0.9904
vn 0.0865 0.4696 -0.8786
vn 0.2563 0.4696 -0.8448
vn 0.2779 0.2890 -0.9161
vn 0.4162 0.4696 -0.7786
vn 0.4513 0.2890 -0.8443
vn 0.2889 0.0975 -0.9524
vn 0.4691 0.0975 -0.8777
vn 0.6073 0.2890 -0.7400
vn 0.6314 0.0975 -0.7693
vn 0.6825 0.4696 -0.5601
vn 0.5601 0.4696 -0.6825
vn 0.7400 0.2890 -0.6073
vn 0.8443 0.2890 -0.4513
vn 0.7786 0.4696 -0.4162
vn 0.7693 0.0976 -0.6314
vn 0.8777 0.0976 -0.4691
vn 0.7693 -0.0976 -0.6314
vn 0.6314 -0.0975 -0.7693
vn 0.6314 -0.0976 -0.7693
vn 0.6314 0.0976 -0.7693
vn 0.8777 -0.0976 -0.4691
vn 0.8443 -0.2890 -0.4513
vn 0.7400 -0.2890 -0.6073
vn 0.7786 -0.4696 -0.4162
vn 0.8448 -0.4696 -0.2563
vn 0.9161 -0.2890 -0.2779
vn 0.6831 -0.6326 -0.3651
vn 0.5987 -0.6326 -0.4913
vn 0.6825 -0.4696 -0.5601
vn 0.5601 -0.4696 -0.6825
vn 0.4913 -0.6326 -0.5987
vn 0.4918 -0.7715 -0.4036
vn 0.4036 -0.7715 -0.4918
vn 0.3651 -0.6326 -0.6831
vn 0.2999 -0.7715 -0.5611
vn 0.2248 -0.6326 -0.7412
vn 0.1847 -0.7715 -0.6088
vn 0.0759 -0.6326 -0.7708
vn 0.0624 -0.7715 -0.6332
vn -0.0624 -0.7715 -0.6332
vn -0.0759 -0.6326 -0.7708
vn -0.2248 -0.6326 -0.7412
vn -0.2563 -0.4696 -0.8448
vn -0.0865 -0.4696 -0.8786
vn -0.2779 -0.2890 -0.9161
vn -0.0938 -0.2890 -0.9527
vn 0.0865 -0.4696 -0.8786
vn 0.0938 -0.2890 -0.9527
vn 0.0975 -0.0975 -0.9904
vn 0.0976 -0.0976 -0.9904
vn -0.0976 -0.0975 -0.9904
vn -0.0976 -0.0976 -0.9904
vn 0.2889 -0.0975 -0.9524
vn 0.2779 -0.2890 -0.9161
vn 0.4691 -0.0975 -0.8777
vn 0.4513 -0.2890 -0.8443
vn 0.6073 -0.2890 -0.7400
vn 0.4162 -0.4696 -0.7786
vn 0.2563 -0.4696 -0.8448
vn 0.2563 -0.4696 -0.8449
vn -0.1847 -0.7715 -0.6088
vn -0.1374 -0.8810 -0.4528
vn -0.0464 -0.8810 -0.4709
vn 0.0464 -0.8810 -0.4709
vn 0.1374 -0.8810 -0.4528
vn 0.2231 -0.8810 -0.4173
vn 0.5611 -0.7715 -0.2999
vn 0.4173 -0.8810 -0.2231
vn 0.4173 -0.8810 -0.2230
vn 0.6088 -0.7715 -0.1847
vn 0.7412 -0.6326 -0.2248
vn 0.9527 -0.2890 -0.0938
vn 0.8449 -0.4696 -0.2563
vn 0.9524 -0.0975 -0.2889
vn 0.9524 0.0975 -0.2889
vn 0.8777 0.0975 -0.4691
vn 0.8777 -0.0975 -0.4691
vn 0.9161 0.2890 -0.2779
vn 0.9527 0.2890 -0.0938
vn 0.8786 0.4696 0.0865
vn 0.8786 0.4696 -0.0865
vn 0.7708 0.6326 -0.0759
vn 0.7412 0.6326 -0.2248
vn 0.8448 0.4696 -0.2563
vn 0.6332 0.7715 -0.0624
vn 0.6088 0.7715 -0.1847
vn 0.4528 0.8810 -0.1374
vn 0.4528 0.8810 -0.1373
vn 0.5611 0.7715 -0.2999
vn 0.4173 0.8810 -0.2231
vn 0.3658 0.8810 -0.3002
vn 0.4918 0.7715 -0.4036
vn 0.6831 0.6326 -0.3651
vn 0.5987 0.6326 -0.4913
vn 0.4036 0.7715 -0.4918
vn 0.4913 0.6326 -0.5987
vn 0.3651 0.6326 -0.6831
vn 0.2999 0.7715 -0.5611
vn 0.1374 0.8810 -0.4528
vn 0.1847 0.7715 -0.6088
vn 0.2230 0.8810 -0.4173
vn 0.2231 0.8810 -0.4173
vn 0.0846 0.9565 -0.2790
vn 0.1374 0.9566 -0.2571
vn 0.1374 0.9565 -0.2571
vn 0.1850 0.9565 -0.2254
vn 0.3002 0.8810 -0.3658
vn 0.0625 0.9951 -0.0761
vn 0.0464 0.9951 -0.0869
vn 0.0761 0.9951 -0.0625
vn 0.2254 0.9565 -0.1850
vn 0.0869 0.9951 -0.0464
vn 0.2571 0.9566 -0.1374
vn 0.2571 0.9565 -0.1374
vn 0.0942 0.9951 -0.0286
vn 0.2790 0.9565 -0.0846
vn 0.0980 0.9951 -0.0097
vn 0.2902 0.9565 -0.0286
vn 0.4709 0.8810 -0.0464
vn 0.4709 0.8810 0.0464
vn 0.2902 0.9565 0.0286
vn 0.6332 0.7715 0.0624
vn 0.0980 0.9951 0.0097
vn 0.0286 0.9951 -0.0942
vn 0.0097 0.9951 -0.0980
vn 0.0286 0.9565 -0.2902
vn -0.0097 0.9951 -0.0980
vn -0.0286 0.9565 -0.2902
vn -0.0286 0.9951 -0.0942
vn -0.0846 0.9565 -0.2790
vn -0.1374 0.8810 -0.4528
vn -0.2230 0.8810 -0.4173
vn -0.1374 0.9565 -0.2571
vn -0.1850 0.9565 -0.2254
vn -0.1374 0.9565 -0.2572
vn -0.3002 0.8810 -0.3658
vn -0.2254 0.9565 -0.1850
vn -0.3658 0.8810 -0.3002
vn -0.0761 0.9951 -0.0625
vn -0.0869 0.9951 -0.0464
vn -0.2571 0.9566 -0.1374
vn -0.2571 0.9565 -0.1374
vn -0.0942 0.9951 -0.0286
vn -0.2790 0.9565 -0.0846
vn -0.2790 0.9565 -0.0847
vn -0.4528 0.8810 -0.1374
vn -0.4173 0.8810 -0.2230
vn -0.4173 0.8810 -0.2231
vn -0.5611 0.7715 -0.2999
vn -0.6088 0.7715 -0.1847
vn -0.7412 0.6326 -0.2248
vn -0.6831 0.6326 -0.3651
vn -0.8448 0.4696 -0.2563
vn -0.7786 0.4696 -0.4162
vn -0.9161 0.2890 -0.2779
vn -0.8443 0.2890 -0.4513
vn -0.4918 0.7715 -0.4036
vn -0.4709 0.8810 -0.0464
vn -0.2902 0.9565 -0.0286
vn -0.2902 0.9565 0.0286
vn -0.4709 0.8810 0.0464
vn -0.4528 0.8810 0.1374
vn -0.4528 0.8810 0.1373
vn -0.2790 0.9565 0.0846
vn -0.0942 0.9951 0.0286
vn -0.0869 0.9951 0.0464
vn -0.2571 0.9566 0.1374
vn -0.2571 0.9565 0.1374
vn -0.2254 0.9565 0.1850
vn -0.0761 0.9951 0.0625
vn -0.3002 0.8810 0.3658
vn -0.3658 0.8810 0.3002
vn -0.1850 0.9565 0.2254
vn -0.4036 0.7715 0.4918
vn -0.4918 0.7715 0.4036
vn -0.4173 0.8810 0.2231
vn -0.4173 0.8810 0.2230
vn -0.5611 0.7715 0.2999
vn -0.4913 0.6326 0.5987
vn -0.0625 0.9951 0.0761
vn -0.0980 0.9951 -0.0097
vn -0.0980 0.9951 0.0097
vn -0.0625 0.9951 -0.0761
vn -0.0464 0.9951 -0.0869
vn 0.2248 0.6326 -0.7412
vn 0.0759 0.6326 -0.7708
vn 0.7708 0.6326 0.0759
vn -0.0865 0.4696 -0.8786
vn -0.2563 0.4696 -0.8448
vn -0.4162 0.4696 -0.7786
vn -0.4513 0.2890 -0.8443
vn 0.0625 -0.9951 -0.0761
vn 0.8449 -0.4696 0.2563
vn 0.7693 0.0975 0.6314
vn 0.0938 0.2890 0.9527
vn 0.3651 0.6326 0.6831
vn 0.2248 0.6326 0.7412
vn 0.2999 0.7715 0.5611
vn 0.1847 0.7715 0.6088
vn 0.4913 0.6326 0.5987
vn 0.4036 0.7715 0.4918
vn 0.2230 0.8810 0.4173
vn 0.1374 0.8810 0.4528
vn 0.3002 0.8810 0.3658
vn 0.4918 0.7715 0.4036
vn 0.0942 0.9951 0.0286
vn -0.3651 0.6326 0.6831
vn -0.4162 0.4696 0.7786
vn -0.2248 0.6326 0.7412
vn -0.0000 0.1362 -0.9907
vn -0.0000 -0.1362 -0.9907
vn -0.0000 0.3900 -0.9208
vn -0.0000 -0.3900 -0.9208
vn -0.0000 -0.5981 -0.8014
vn -0.0000 -0.7534 -0.6575
vn -0.0000 0.8621 -0.5067
vn -0.0000 0.7534 -0.6575
vn -0.0000 0.5981 -0.8014
vn -0.0000 -0.8621 -0.5067
vn -0.0000 -0.9339 -0.3575
vn -0.0000 -0.9772 -0.2123
vn -0.0000 0.9339 -0.3575
vn -0.0000 0.9772 -0.2123
vn -0.0000 -0.9975 -0.0704
vn -0.0000 -0.9975 0.0704
vn -0.0000 0.9975 0.0704
vn -0.0000 0.9772 0.2123
vn -0.0000 0.9975 -0.0704
vn -0.0000 -0.9772 0.2123
vn -0.0000 -0.9339 0.3575
vn -0.0000 -0.8621 0.5067
vn -0.0000 -0.7534 0.6575
vn -0.0000 -0.5981 0.8014
vn -0.0000 -0.3900 0.9208
vn -0.0000 -0.1362 0.9907
vn -0.0000 0.1362 0.9907
vn -0.0000 0.3900 0.9208
vn -0.0000 0.5981 0.8014
vn -0.0000 0.7534 0.6575
vn -0.0000 0.8621 0.5067
vn -0.0000 0.9339 0.3575
vn -0.0000 -0.4910 0.8712
vn -0.4910 -0.0000 0.8712
vn -0.0000 -0.0000 1.0000
vn 0.4910 -0.0000 0.8712
vn -0.0000 0.4910 0.8712
vn -0.0000 1.0000 -0.0000
vn 0.4910 -0.0000 -0.8712
vn -0.0000 0.4910 -0.8712
vn -0.4910 -0.0000 -0.8712
vn -0.0000 -0.0000 -1.0000
vn -0.0000 -0.4910 -0.8712
vn -0.0000 0.9268 0.3756
vn -0.3756 0.9268 -0.0000
vn 0.3756 0.9268 -0.0000
vn -0.0000 0.9268 -0.3756
vn 0.3756 -0.9268 -0.0000
vn -0.0000 -0.9268 -0.3756
vn -0.3756 -0.9268 -0.0000
vn -0.0000 -0.9268 0.3756
vn -0.8512 0.5248 -0.0000
vn -0.4013 0.9159 -0.0000
vn 0.9658 -0.0000 -0.2594
vn 0.9658 0.2594 -0.0000
vn 0.9658 -0.0000 0.2594
vn 0.9658 -0.2594 -0.0000
vn -0.1475 -0.9891 -0.0000
vn 0.9110 -0.4123 -0.0000
vn -0.9658 -0.0000 0.2594
vn -0.9658 -0.2594 -0.0000
vn -0.9658 -0.0000 -0.2594
vn -0.9658 0.2594 -0.0000
vn -0.0000 -0.0836 -0.9965
vn -0.0000 0.0836 -0.9965
vn -0.0000 -0.0836 0.9965
vn -0.0000 0.0836 0.9965
vn -0.0000 0.2625 -0.9649
vn -0.0000 0.0880 -0.9961
vn -0.0000 -0.0880 -0.9961
vn -0.0000 -0.2625 -0.9649
vn -0.0000 -0.4323 -0.9017
vn -0.0000 -0.2625 0.9649
vn -0.0000 -0.4323 0.9017
vn -0.0000 -0.0880 0.9961
vn -0.0000 0.0880 0.9961
vn -0.0000 0.2625 0.9649
vn -0.0000 -0.2501 -0.9682
vn -0.0000 -0.4142 -0.9102
vn -0.0000 -0.2501 0.9682
vn -0.0000 -0.4142 0.9102
vn -0.0000 -0.5728 0.8197
vn -0.0000 -0.7200 0.6940
vn -0.0000 -0.8470 0.5316
vn -0.0000 -0.8470 -0.5317
vn -0.0000 -0.7200 -0.6940
vn -0.0000 -0.5728 -0.8197
vn -0.0000 0.4323 0.9017
vn -0.0000 0.5928 0.8053
vn -0.0000 0.4323 -0.9017
vn -0.0000 0.5928 -0.8053
vn -0.0000 0.7378 0.6750
vn -0.0000 0.8591 0.5119
vn -0.0000 0.8590 0.5119
vn -0.0000 0.9473 0.3204
vn -0.0000 0.8590 -0.5119
vn -0.0000 0.8591 -0.5119
vn -0.0000 0.9473 -0.3204
vn -0.0000 0.9940 -0.1091
vn -0.0000 -0.9934 0.1149
vn -0.0000 -0.9420 0.3356
vn -0.0000 -0.9934 -0.1149
vn -0.0000 -0.9420 -0.3356
vn -0.0000 0.9940 0.1091
vn -0.0000 0.7378 -0.6750
vn -0.0000 0.2501 -0.9682
vn -0.0000 0.4142 -0.9102
vn -0.0000 0.4142 0.9102
vn -0.0000 0.2501 0.9682
vn -0.0000 0.5728 0.8197
vn -0.0000 -0.7378 -0.6751
vn -0.0000 -0.7378 -0.6750
vn -0.0000 -0.5928 -0.8053
vn -0.0000 -0.7378 0.6750
vn -0.0000 -0.7378 0.6751
vn -0.0000 -0.8591 0.5119
vn -0.0000 -0.9473 0.3204
vn -0.0000 -0.9473 -0.3204
vn -0.0000 -0.8591 -0.5119
vn -0.0000 0.8470 0.5317
vn -0.0000 0.8469 0.5317
vn -0.0000 0.7200 0.6940
vn -0.0000 0.9420 0.3356
vn -0.0000 0.7200 -0.6940
vn -0.0000 0.8469 -0.5317
vn -0.0000 0.9420 -0.3356
vn -0.0000 0.9934 -0.1149
vn -0.0000 0.9934 0.1149
vn -0.0000 -0.9940 0.1091
vn -0.0000 -0.9940 -0.1091
vn -0.0000 0.5728 -0.8197
vn -0.0000 -0.5928 0.8053
vn -0.0000 -0.4129 0.9108
vn -0.0000 -0.5714 0.8207
vn -0.0000 -0.7187 0.6953
vn -0.0000 -0.8461 0.5331
vn -0.0000 -0.9416 0.3367
vn -0.0000 -0.9933 -0.1153
vn -0.0000 -0.9416 -0.3367
vn -0.0000 -0.8461 -0.5331
vn -0.0000 -0.7187 -0.6953
vn -0.0000 -0.4129 -0.9108
vn -0.0000 -0.5714 -0.8207
vn -0.0000 -0.2492 -0.9684
vn -0.0000 -0.0833 -0.9965
vn -0.0000 0.0833 0.9965
vn -0.0000 -0.0833 0.9965
vn -0.0000 0.2492 -0.9684
vn -0.0000 0.0833 -0.9965
vn -0.0000 0.4129 -0.9108
vn -0.0000 0.2492 0.9684
vn -0.0000 0.4129 0.9108
vn -0.0000 0.5714 0.8207
vn -0.0000 0.5714 -0.8207
vn -0.0000 0.7187 -0.6953
vn -0.0000 0.8461 -0.5331
vn -0.0000 0.7187 0.6953
vn -0.0000 -0.8469 -0.5317
vn -0.0000 0.9416 0.3367
vn -0.0000 0.9416 0.3366
vn -0.0000 0.8461 0.5331
vn -0.0000 0.9933 0.1153
vn -0.0000 0.9933 0.1154
vn -0.0000 0.9933 -0.1154
vn -0.0000 0.9933 -0.1153
vn -0.0000 0.9416 -0.3367
vn -0.0000 -0.8470 0.5317
vn -0.0000 -0.2492 0.9684
vn -0.0000 -0.9933 0.1153
vn -0.0000 -0.9925 -0.1225
vn -0.0000 -0.9925 0.1225
vn -0.0000 -0.9348 0.3553
vn -0.0000 -0.9347 0.3553
vn -0.0000 -0.8308 -0.5565
vn -0.0000 -0.9348 -0.3553
vn -0.0000 -0.9347 -0.3553
vn -0.0000 -0.6971 -0.7169
vn -0.0000 -0.5479 -0.8366
vn -0.0000 -0.3923 -0.9198
vn -0.0000 -0.2353 -0.9719
vn -0.0000 -0.0784 -0.9969
vn -0.0000 0.0784 -0.9969
vn -0.0000 0.2353 -0.9719
vn -0.0000 0.3923 -0.9198
vn -0.0000 0.9347 -0.3553
vn -0.0000 0.9925 -0.1225
vn -0.0000 0.9925 -0.1224
vn -0.0000 0.9925 0.1224
vn -0.0000 0.9925 0.1225
vn -0.0000 0.9347 0.3553
vn -0.0000 0.8308 0.5565
vn -0.0000 0.6971 0.7170
vn -0.0000 0.6971 -0.7170
vn -0.0000 0.5479 -0.8366
vn -0.0000 0.5479 0.8366
vn -0.0000 0.3923 0.9198
vn -0.0000 0.2353 0.9719
vn -0.0000 0.0784 0.9969
vn -0.0000 -0.0784 0.9969
vn -0.0000 -0.2353 0.9719
vn -0.0000 -0.3923 0.9198
vn -0.0000 -0.5479 0.8366
vn -0.0000 0.8308 -0.5565
vn -0.0000 -0.6971 0.7169
vn -0.0000 -0.8308 0.5566
vn -0.0000 -0.8308 0.5565
vn -0.0000 -0.3924 -0.9198
vn -0.0000 -0.5478 -0.8366
vn -0.0000 -0.6971 -0.7170
vn -0.0000 -0.6971 0.7170
vn -0.0000 -0.5478 0.8366
vn -0.0000 -0.8309 0.5565
vn -0.0000 0.8470 -0.5317
vn -0.0000 -0.9925 0.1224
vn -0.0000 -0.8309 -0.5565
vn -0.0000 -0.9925 -0.1224
vn -0.0000 -0.3924 0.9198
vn -0.0000 -0.0783 0.9969
vn -0.0000 0.0783 0.9969
vn -0.0000 -0.0783 -0.9969
vn -0.0000 0.0783 -0.9969
vn -0.0000 0.3924 0.9198
vn -0.0000 0.5478 -0.8366
vn -0.0000 0.6972 -0.7169
vn -0.0000 0.6971 -0.7169
vn -0.0000 0.5478 0.8366
vn -0.0000 0.6971 0.7169
vn -0.0000 0.6972 0.7169
vn -0.0000 0.9348 -0.3553
vn -0.0000 0.9348 0.3553
vn -0.0000 0.3924 -0.9198
vn -0.0000 -0.8590 0.5119
vn -0.0000 -0.8470 -0.5316
vn -0.0000 0.5404 0.8414
vn -0.0000 0.9883 -0.1526
vn -0.0000 -0.3930 -0.9196
vn -0.0000 0.5355 -0.8445
vn -0.0000 -0.5355 0.8445
vn -0.0000 -0.8445 -0.5355
vn -0.0000 0.8445 0.5355
vn -0.0000 -0.5852 -0.8109
vn -0.0000 0.5852 0.8109
vn -0.0000 -0.8109 0.5852
vn -0.0000 0.8109 -0.5852
vt 0.199449 0.876547
vt 0.152245 0.902331
vt 0.123078 0.848934
vt 0.170282 0.823150
vt 0.310499 0.842308
vt 0.237089 0.828743
vt 0.251079 0.776808
vt 0.200691 0.998123
vt 0.123078 0.955728
vt 0.229858 0.944726
vt 0.295325 0.971244
vt 0.266832 0.993047
vt 0.258350 0.922924
vt 0.295990 0.875120
vt 0.043622 0.144077
vt 0.038464 0.137078
vt 0.045161 0.139514
vt 0.039889 0.133186
vt 0.032145 0.130124
vt 0.030646 0.133349
vt 0.036708 0.141068
vt 0.050079 0.146071
vt 0.034516 0.145125
vt 0.041719 0.148854
vt 0.048540 0.151401
vt 0.046590 0.157155
vt 0.031775 0.149301
vt 0.039294 0.153923
vt 0.028425 0.153542
vt 0.036225 0.159301
vt 0.044081 0.163430
vt 0.053736 0.159308
vt 0.051996 0.166239
vt 0.040812 0.170334
vt 0.058773 0.176152
vt 0.059923 0.167779
vt 0.049683 0.174066
vt 0.060777 0.160468
vt 0.067839 0.168189
vt 0.067951 0.176725
vt 0.075735 0.167580
vt 0.077100 0.175899
vt 0.068093 0.186795
vt 0.057177 0.185960
vt 0.078970 0.185640
vt 0.068277 0.199079
vt 0.081628 0.197339
vt 0.089483 0.182421
vt 0.086100 0.173562
vt 0.083601 0.165851
vt 0.094787 0.169584
vt 0.099341 0.177101
vt 0.105448 0.185461
vt 0.108259 0.169885
vt 0.103158 0.164108
vt 0.115791 0.160596
vt 0.122103 0.164192
vt 0.114890 0.175856
vt 0.129888 0.167163
vt 0.123463 0.181702
vt 0.113929 0.194901
vt 0.094147 0.192717
vt 0.100661 0.204710
vt 0.103666 0.028612
vt 0.111628 0.018970
vt 0.122519 0.031540
vt 0.098135 0.008788
vt 0.091947 0.021827
vt 0.079105 0.017879
vt 0.081935 0.003395
vt 0.085661 0.211770
vt 0.068527 0.214961
vt 0.065949 0.016812
vt 0.065609 0.002257
vt 0.054869 0.197752
vt 0.051288 0.212325
vt 0.049389 0.004176
vt 0.042179 0.193509
vt 0.052875 0.018467
vt 0.033543 0.010303
vt 0.036031 0.205741
vt 0.040281 0.022966
vt 0.028958 0.030213
vt 0.020639 0.021036
vt 0.022399 0.196325
vt 0.030609 0.186578
vt 0.020829 0.177216
vt 0.012395 0.183397
vt 0.010477 0.033955
vt 0.005379 0.168988
vt 0.012427 0.051630
vt 0.004869 0.048883
vt 0.019434 0.039973
vt 0.018769 0.055205
vt 0.026202 0.045955
vt 0.035069 0.038569
vt 0.039605 0.046048
vt 0.044945 0.033334
vt 0.043130 0.052890
vt 0.031418 0.051730
vt 0.048330 0.042168
vt 0.057303 0.039749
vt 0.058703 0.048054
vt 0.050878 0.049894
vt 0.045772 0.059015
vt 0.052802 0.056719
vt 0.059765 0.055311
vt 0.060582 0.061776
vt 0.066708 0.054750
vt 0.066814 0.061337
vt 0.073675 0.055078
vt 0.073062 0.061587
vt 0.066902 0.067283
vt 0.072595 0.067474
vt 0.066976 0.072730
vt 0.061222 0.067634
vt 0.061726 0.073013
vt 0.055459 0.068499
vt 0.054287 0.062866
vt 0.056377 0.073696
vt 0.050797 0.074817
vt 0.049512 0.069925
vt 0.043182 0.072055
vt 0.051817 0.079443
vt 0.044822 0.076529
vt 0.039739 0.082875
vt 0.038241 0.079079
vt 0.046145 0.080817
vt 0.030683 0.082865
vt 0.028777 0.079795
vt 0.036428 0.075215
vt 0.032178 0.085993
vt 0.041194 0.067375
vt 0.034153 0.071239
vt 0.038637 0.062431
vt 0.031409 0.067217
vt 0.026602 0.076741
vt 0.017640 0.084937
vt 0.023929 0.073812
vt 0.007782 0.093775
vt 0.015736 0.083191
vt 0.019319 0.086833
vt 0.008806 0.094453
vt 0.020787 0.088852
vt 0.009752 0.095330
vt 0.022045 0.090959
vt 0.010667 0.096322
vt 0.022946 0.093235
vt 0.010884 0.096694
vt 0.023661 0.095586
vt 0.033411 0.089131
vt 0.011310 0.098057
vt 0.035169 0.095424
vt 0.024201 0.097999
vt 0.034399 0.092276
vt 0.011623 0.099550
vt 0.024578 0.100462
vt 0.011819 0.101152
vt 0.024800 0.102972
vt 0.011892 0.102849
vt 0.035744 0.098573
vt 0.042634 0.093852
vt 0.043184 0.097409
vt 0.036143 0.101720
vt 0.025118 0.105463
vt 0.036352 0.104861
vt 0.043568 0.100938
vt 0.049074 0.096671
vt 0.043799 0.104445
vt 0.049421 0.100437
vt 0.054597 0.104015
vt 0.049635 0.104170
vt 0.054436 0.100135
vt 0.058748 0.095905
vt 0.058935 0.099930
vt 0.054182 0.096210
vt 0.053783 0.092206
vt 0.058481 0.091789
vt 0.048637 0.092848
vt 0.063043 0.095708
vt 0.062892 0.091529
vt 0.058132 0.087559
vt 0.062696 0.087220
vt 0.057681 0.083166
vt 0.053297 0.088106
vt 0.062445 0.082733
vt 0.052665 0.083871
vt 0.057101 0.078558
vt 0.067094 0.082548
vt 0.062127 0.078018
vt 0.067138 0.087070
vt 0.067177 0.091409
vt 0.071588 0.087136
vt 0.071751 0.082635
vt 0.076541 0.082969
vt 0.076170 0.087393
vt 0.071467 0.091458
vt 0.081035 0.087858
vt 0.081588 0.083583
vt 0.077035 0.078314
vt 0.082342 0.079110
vt 0.088090 0.080369
vt 0.087183 0.084552
vt 0.089362 0.075978
vt 0.093526 0.086060
vt 0.094710 0.082259
vt 0.101246 0.088511
vt 0.100278 0.091744
vt 0.092572 0.089794
vt 0.091901 0.093466
vt 0.086424 0.088606
vt 0.085803 0.092565
vt 0.080607 0.091995
vt 0.075893 0.091649
vt 0.080303 0.096020
vt 0.075694 0.095776
vt 0.085373 0.096426
vt 0.080066 0.099962
vt 0.075559 0.099815
vt 0.071334 0.099733
vt 0.071384 0.095644
vt 0.067211 0.095611
vt 0.067241 0.099715
vt 0.063152 0.099791
vt 0.067269 0.103756
vt 0.063226 0.103814
vt 0.063267 0.107807
vt 0.059053 0.103901
vt 0.067295 0.107766
vt 0.067319 0.111776
vt 0.071325 0.107755
vt 0.071314 0.103759
vt 0.075492 0.103791
vt 0.075487 0.107739
vt 0.079938 0.107710
vt 0.079960 0.103848
vt 0.084951 0.103952
vt 0.080006 0.111569
vt 0.084901 0.107674
vt 0.085138 0.100208
vt 0.090717 0.107695
vt 0.090763 0.104182
vt 0.098212 0.110783
vt 0.090810 0.111193
vt 0.098157 0.107638
vt 0.098265 0.104484
vt 0.109451 0.107687
vt 0.109397 0.110176
vt 0.091057 0.114688
vt 0.098429 0.113927
vt 0.122123 0.109209
vt 0.122023 0.110902
vt 0.109496 0.112641
vt 0.122114 0.111393
vt 0.109979 0.115068
vt 0.122676 0.114179
vt 0.110393 0.117516
vt 0.099470 0.120212
vt 0.098904 0.117060
vt 0.100315 0.123349
vt 0.092038 0.121755
vt 0.111187 0.119879
vt 0.092729 0.125353
vt 0.101293 0.126517
vt 0.111941 0.122274
vt 0.102515 0.129688
vt 0.112877 0.124600
vt 0.124275 0.118661
vt 0.123783 0.117231
vt 0.104010 0.132853
vt 0.114011 0.126839
vt 0.124869 0.119937
vt 0.125527 0.121052
vt 0.115354 0.128966
vt 0.105907 0.135952
vt 0.125853 0.121312
vt 0.117039 0.130858
vt 0.126883 0.122016
vt 0.118943 0.132601
vt 0.110713 0.141958
vt 0.108137 0.138988
vt 0.103233 0.148531
vt 0.106568 0.152626
vt 0.113794 0.144785
vt 0.121002 0.134263
vt 0.128451 0.122929
vt 0.129234 0.123262
vt 0.123295 0.135652
vt 0.117416 0.147366
vt 0.129524 0.123291
vt 0.125814 0.136626
vt 0.130455 0.123097
vt 0.128529 0.137270
vt 0.126502 0.151170
vt 0.121655 0.149537
vt 0.130707 0.122873
vt 0.131366 0.137419
vt 0.131970 0.151968
vt 0.121319 0.049562
vt 0.128899 0.046408
vt 0.131994 0.061632
vt 0.126424 0.062707
vt 0.128955 0.076979
vt 0.131845 0.076750
vt 0.131573 0.091605
vt 0.131373 0.091574
vt 0.126168 0.077727
vt 0.130310 0.091387
vt 0.123594 0.078791
vt 0.121501 0.064552
vt 0.115111 0.053424
vt 0.110087 0.057594
vt 0.117285 0.066912
vt 0.106026 0.061864
vt 0.113692 0.069625
vt 0.102752 0.066116
vt 0.110612 0.072571
vt 0.119175 0.081884
vt 0.121241 0.080156
vt 0.107995 0.075654
vt 0.117352 0.083823
vt 0.128152 0.092151
vt 0.129026 0.091561
vt 0.105765 0.078819
vt 0.115764 0.085929
vt 0.127302 0.092975
vt 0.104011 0.082048
vt 0.114264 0.088037
vt 0.125766 0.094637
vt 0.125446 0.094963
vt 0.113131 0.090339
vt 0.102446 0.085263
vt 0.124865 0.096292
vt 0.112200 0.092731
vt 0.124370 0.097764
vt 0.111454 0.095190
vt 0.123389 0.100430
vt 0.110663 0.097607
vt 0.099553 0.094951
vt 0.098902 0.098132
vt 0.110258 0.100108
vt 0.123222 0.100926
vt 0.123119 0.102659
vt 0.110007 0.102654
vt 0.122708 0.105712
vt 0.109655 0.105178
vt 0.098539 0.101319
vt 0.090933 0.100636
vt 0.091361 0.097064
vt 0.122352 0.107475
vt 0.096067 0.078381
vt 0.090879 0.071418
vt 0.097904 0.074381
vt 0.092768 0.066629
vt 0.083295 0.074396
vt 0.084455 0.069428
vt 0.085942 0.064104
vt 0.095215 0.061517
vt 0.100108 0.070297
vt 0.079408 0.062494
vt 0.080707 0.056260
vt 0.087843 0.058352
vt 0.090370 0.051989
vt 0.098218 0.056153
vt 0.082417 0.049303
vt 0.074484 0.047760
vt 0.084664 0.041468
vt 0.075568 0.039391
vt 0.087710 0.032451
vt 0.093584 0.045050
vt 0.107158 0.044371
vt 0.102133 0.050422
vt 0.097868 0.037304
vt 0.113726 0.038041
vt 0.077051 0.029608
vt 0.066211 0.028800
vt 0.066415 0.038801
vt 0.055430 0.030061
vt 0.066576 0.047327
vt 0.078402 0.068177
vt 0.072236 0.072880
vt 0.077612 0.073434
vt 0.071964 0.077900
vt 0.067040 0.077789
vt 0.129380 0.091481
vt 0.110768 0.156713
vt 0.099078 0.158540
vt 0.095860 0.153256
vt 0.091436 0.162880
vt 0.088750 0.156664
vt 0.093358 0.148301
vt 0.080231 0.152799
vt 0.086675 0.150985
vt 0.081699 0.158980
vt 0.074707 0.160303
vt 0.073918 0.153823
vt 0.067750 0.160767
vt 0.061422 0.153960
vt 0.067675 0.154181
vt 0.061918 0.148072
vt 0.067615 0.148233
vt 0.073304 0.147960
vt 0.056087 0.147397
vt 0.056921 0.142118
vt 0.062315 0.142650
vt 0.062593 0.137630
vt 0.067518 0.137750
vt 0.057547 0.137199
vt 0.067565 0.142761
vt 0.052223 0.136400
vt 0.058038 0.132558
vt 0.052968 0.131938
vt 0.058406 0.128160
vt 0.062805 0.132899
vt 0.062996 0.128404
vt 0.067459 0.132991
vt 0.058700 0.123905
vt 0.067437 0.128459
vt 0.063106 0.124099
vt 0.053979 0.123550
vt 0.058904 0.119789
vt 0.053545 0.127672
vt 0.054323 0.119533
vt 0.063203 0.119909
vt 0.059034 0.115758
vt 0.067405 0.124121
vt 0.067381 0.119918
vt 0.063254 0.115816
vt 0.071547 0.119857
vt 0.071693 0.124039
vt 0.071437 0.115774
vt 0.075659 0.115657
vt 0.075845 0.119686
vt 0.080427 0.119375
vt 0.080166 0.115448
vt 0.075542 0.111685
vt 0.085172 0.115121
vt 0.085493 0.118892
vt 0.080800 0.123380
vt 0.081312 0.127497
vt 0.076104 0.123802
vt 0.085946 0.122722
vt 0.086577 0.126641
vt 0.081939 0.131745
vt 0.087436 0.130674
vt 0.093684 0.129034
vt 0.088507 0.134832
vt 0.094880 0.132786
vt 0.083762 0.140820
vt 0.089789 0.139133
vt 0.082743 0.136171
vt 0.096348 0.136615
vt 0.098190 0.140497
vt 0.091362 0.143597
vt 0.085034 0.145721
vt 0.079096 0.147167
vt 0.078172 0.141931
vt 0.072814 0.142567
vt 0.077436 0.137036
vt 0.072420 0.137531
vt 0.072105 0.132833
vt 0.076893 0.132447
vt 0.071887 0.128359
vt 0.076445 0.128035
vt 0.100431 0.144464
vt 0.091437 0.118200
vt 0.084975 0.111391
vt 0.071365 0.111750
vt 0.067341 0.115821
vt 0.063277 0.111799
vt 0.059101 0.111789
vt 0.059108 0.107845
vt 0.054665 0.107872
vt 0.054636 0.111731
vt 0.049732 0.107894
vt 0.049674 0.111612
vt 0.054511 0.115609
vt 0.049537 0.115348
vt 0.043878 0.111457
vt 0.043647 0.114973
vt 0.036395 0.111134
vt 0.043259 0.118501
vt 0.036205 0.114282
vt 0.035850 0.117442
vt 0.042723 0.122056
vt 0.049217 0.119127
vt 0.048831 0.122962
vt 0.042065 0.125683
vt 0.048194 0.126901
vt 0.047428 0.130939
vt 0.041114 0.129388
vt 0.033347 0.126917
vt 0.021419 0.124916
vt 0.022563 0.122617
vt 0.034393 0.123746
vt 0.023530 0.120281
vt 0.035208 0.120593
vt 0.011905 0.115047
vt 0.024326 0.117925
vt 0.011132 0.116515
vt 0.012100 0.114586
vt 0.024741 0.115487
vt 0.012232 0.112952
vt 0.024996 0.113010
vt 0.012276 0.111248
vt 0.025095 0.110507
vt 0.012194 0.109477
vt 0.025050 0.107982
vt 0.036415 0.107994
vt 0.043883 0.107946
vt 0.012235 0.106378
vt 0.010265 0.117927
vt 0.020271 0.127253
vt 0.008918 0.120228
vt 0.018915 0.129484
vt 0.008215 0.121450
vt 0.017336 0.131574
vt 0.007461 0.122475
vt 0.028841 0.136568
vt 0.026589 0.139708
vt 0.024014 0.142797
vt 0.013393 0.135103
vt 0.015522 0.133497
vt 0.020973 0.145737
vt 0.011027 0.136468
vt 0.024378 0.157752
vt 0.017314 0.148414
vt 0.005244 0.123716
vt 0.008444 0.137525
vt 0.004343 0.123824
vt 0.005676 0.138203
vt 0.003606 0.123743
vt 0.008128 0.152563
vt 0.013055 0.150749
vt 0.013183 0.165685
vt 0.019364 0.161864
vt 0.032325 0.164992
vt 0.027315 0.170992
vt 0.036477 0.177999
vt 0.046544 0.183046
vt 0.002580 0.153570
vt 0.006007 0.078631
vt 0.003157 0.078475
vt 0.002580 0.063857
vt 0.008081 0.064692
vt 0.002777 0.138420
vt 0.012918 0.066311
vt 0.008730 0.079284
vt 0.004036 0.092850
vt 0.011270 0.080351
vt 0.004560 0.092775
vt 0.020795 0.071034
vt 0.013611 0.081645
vt 0.005836 0.092938
vt 0.017195 0.068476
vt 0.028034 0.063157
vt 0.035422 0.057197
vt 0.023836 0.059083
vt 0.006788 0.093259
vt 0.003119 0.123519
vt 0.003789 0.093092
vt 0.006269 0.123435
vt 0.006617 0.123285
vt 0.046449 0.135126
vt 0.051276 0.141102
vt 0.055065 0.153075
vt 0.122843 0.114645
vt 0.047147 0.084941
vt 0.041893 0.090251
vt 0.040938 0.086595
vt 0.047984 0.088945
vt 0.012245 0.105840
vt 0.047835 0.064651
vt 0.137694 0.006442
vt 0.145821 0.002853
vt 0.145821 0.006442
vt 0.344580 0.094026
vt 0.348162 0.093789
vt 0.351675 0.094527
vt 0.137694 0.140793
vt 0.145821 0.137204
vt 0.145821 0.140793
vt 0.137694 0.002853
vt 0.344580 0.257447
vt 0.348162 0.257209
vt 0.351675 0.257947
vt 0.145821 0.010156
vt 0.137694 0.010156
vt 0.354984 0.259633
vt 0.137694 0.137204
vt 0.137694 0.133490
vt 0.145821 0.133490
vt 0.341067 0.258651
vt 0.354984 0.096212
vt 0.357962 0.098780
vt 0.341067 0.095230
vt 0.145821 0.129558
vt 0.337758 0.097354
vt 0.334780 0.100317
vt 0.137694 0.129558
vt 0.145821 0.125357
vt 0.360495 0.102132
vt 0.137694 0.022763
vt 0.145821 0.018289
vt 0.145821 0.022763
vt 0.332247 0.104004
vt 0.137694 0.018289
vt 0.145821 0.014088
vt 0.137694 0.014088
vt 0.360495 0.265552
vt 0.362484 0.269559
vt 0.334779 0.263738
vt 0.337758 0.260775
vt 0.357962 0.262201
vt 0.332247 0.267426
vt 0.137694 0.125357
vt 0.137694 0.120883
vt 0.145821 0.120883
vt 0.362485 0.106139
vt 0.363855 0.110646
vt 0.145821 0.116171
vt 0.137694 0.116171
vt 0.145821 0.111286
vt 0.330257 0.108276
vt 0.364554 0.115482
vt 0.137694 0.027474
vt 0.145821 0.027474
vt 0.328886 0.112965
vt 0.137694 0.032360
vt 0.145821 0.032360
vt 0.363855 0.274067
vt 0.330257 0.271696
vt 0.328886 0.276386
vt 0.364554 0.278903
vt 0.137694 0.111286
vt 0.137694 0.106308
vt 0.145821 0.106308
vt 0.328188 0.281314
vt 0.364554 0.120460
vt 0.328187 0.117893
vt 0.328187 0.122871
vt 0.145821 0.101330
vt 0.363855 0.125388
vt 0.137694 0.042315
vt 0.145821 0.037338
vt 0.145821 0.042315
vt 0.362484 0.130078
vt 0.328886 0.127707
vt 0.137694 0.047201
vt 0.145821 0.047201
vt 0.137694 0.037338
vt 0.363855 0.288808
vt 0.362484 0.293498
vt 0.328886 0.291128
vt 0.328188 0.286292
vt 0.364554 0.283880
vt 0.137694 0.101330
vt 0.145821 0.096445
vt 0.137694 0.096445
vt 0.360494 0.297769
vt 0.330257 0.295636
vt 0.137694 0.091733
vt 0.145821 0.091733
vt 0.357962 0.301456
vt 0.145821 0.087259
vt 0.137694 0.087259
vt 0.332247 0.299642
vt 0.354984 0.304419
vt 0.334779 0.302994
vt 0.137694 0.083058
vt 0.145821 0.083058
vt 0.351675 0.306544
vt 0.145821 0.079126
vt 0.137694 0.079126
vt 0.337758 0.305562
vt 0.341067 0.307247
vt 0.137694 0.075412
vt 0.145821 0.075412
vt 0.341065 0.143826
vt 0.337757 0.142141
vt 0.348160 0.144327
vt 0.351673 0.143123
vt 0.145821 0.071823
vt 0.344579 0.144564
vt 0.137694 0.071823
vt 0.137694 0.068233
vt 0.145821 0.068233
vt 0.145821 0.064519
vt 0.137694 0.064519
vt 0.348162 0.307748
vt 0.344580 0.307985
vt 0.145821 0.060587
vt 0.334778 0.139573
vt 0.137694 0.060587
vt 0.332246 0.136221
vt 0.357961 0.138036
vt 0.145821 0.056386
vt 0.354983 0.140999
vt 0.137694 0.056386
vt 0.145821 0.051913
vt 0.330256 0.132215
vt 0.360494 0.134348
vt 0.137694 0.051913
vt 0.661698 0.142895
vt 0.689016 0.079368
vt 0.692367 0.110888
vt 0.630766 0.143338
vt 0.690004 0.202831
vt 0.691323 0.172295
vt 0.724032 0.144242
vt 0.695378 0.079184
vt 0.755849 0.142881
vt 0.754026 0.148900
vt 0.708600 0.066632
vt 0.769072 0.130328
vt 0.816321 0.206577
vt 0.774046 0.077953
vt 0.829543 0.194024
vt 0.786509 0.065034
vt 0.837002 0.062377
vt 0.780518 0.129776
vt 0.774553 0.052607
vt 0.761163 0.064383
vt 0.775593 0.002935
vt 0.711757 0.056710
vt 0.648129 0.002935
vt 0.876792 0.270273
vt 0.890014 0.257720
vt 0.634908 0.015487
vt 0.682720 0.786978
vt 0.711616 0.724742
vt 0.713564 0.755060
vt 0.652637 0.787604
vt 0.713059 0.817712
vt 0.745322 0.787654
vt 0.715116 0.724647
vt 0.775765 0.786893
vt 0.774916 0.789948
vt 0.712707 0.847442
vt 0.897064 0.911384
vt 0.836415 0.849138
vt 0.845707 0.840085
vt 0.785057 0.777839
vt 0.724408 0.715593
vt 0.787621 0.727597
vt 0.800240 0.714668
vt 0.849395 0.713186
vt 0.791124 0.777529
vt 0.787871 0.702054
vt 0.774700 0.714336
vt 0.788392 0.653347
vt 0.726001 0.710228
vt 0.663759 0.653347
vt 0.906356 0.902330
vt 0.654467 0.662402
vt 0.684198 0.338578
vt 0.710331 0.274577
vt 0.714253 0.306198
vt 0.652940 0.340021
vt 0.713841 0.368423
vt 0.746346 0.339267
vt 0.716921 0.274398
vt 0.776651 0.343250
vt 0.713467 0.399053
vt 0.778210 0.337553
vt 0.730030 0.261676
vt 0.791320 0.324831
vt 0.839500 0.400708
vt 0.795728 0.272299
vt 0.852609 0.387986
vt 0.808194 0.259186
vt 0.858434 0.257420
vt 0.802117 0.323814
vt 0.795952 0.247323
vt 0.782671 0.258844
vt 0.798005 0.198521
vt 0.734098 0.250389
vt 0.668741 0.198521
vt 0.900789 0.463863
vt 0.913899 0.451141
vt 0.655631 0.211243
vt 0.277435 0.678038
vt 0.210948 0.763736
vt 0.210948 0.678038
vt 0.277435 0.763736
vt 0.315528 0.678038
vt 0.137878 0.607071
vt 0.153165 0.641961
vt 0.129268 0.641961
vt 0.124065 0.676852
vt 0.209762 0.676852
vt 0.176297 0.711502
vt 0.176297 0.730271
vt 0.157529 0.730271
vt 0.157529 0.711502
vt 0.124065 0.764921
vt 0.122878 0.678038
vt 0.122878 0.763736
vt 0.209762 0.764921
vt 0.153165 0.799812
vt 0.129268 0.799812
vt 0.087602 0.763736
vt 0.137878 0.834702
vt 0.087602 0.678038
vt 0.002986 0.763736
vt 0.052181 0.834702
vt 0.002986 0.678038
vt 0.137557 0.519717
vt 0.092394 0.560136
vt 0.053121 0.519687
vt 0.092297 0.565533
vt 0.050448 0.603446
vt 0.052181 0.607071
vt 0.097763 0.565533
vt 0.139361 0.604671
vt 0.097732 0.560146
vt 0.315528 0.763736
vt 0.015085 0.009500
vt 0.015085 0.010914
vt 0.002825 0.009886
vt 0.003061 0.008492
vt 0.001978 0.213709
vt 0.003393 0.299186
vt 0.001978 0.299186
vt 0.042583 0.213709
vt 0.043998 0.213709
vt 0.043998 0.299186
vt 0.042583 0.299186
vt 0.002825 0.011301
vt 0.014849 0.012309
vt 0.021574 0.213709
vt 0.022988 0.299186
vt 0.021574 0.299186
vt 0.022988 0.213709
vt 0.024402 0.299186
vt 0.094593 0.280316
vt 0.094593 0.278902
vt 0.096716 0.279958
vt 0.024402 0.213709
vt 0.096712 0.279080
vt 0.094829 0.277507
vt 0.096863 0.278214
vt 0.097161 0.277394
vt 0.455041 0.087550
vt 0.455914 0.165935
vt 0.455041 0.165935
vt 0.455914 0.087550
vt 0.456793 0.087550
vt 0.456793 0.165935
vt 0.016021 0.311021
vt 0.015867 0.310155
vt 0.023885 0.309447
vt 0.015867 0.309276
vt 0.457671 0.087550
vt 0.023885 0.310326
vt 0.016324 0.311839
vt 0.457671 0.165935
vt 0.458543 0.165935
vt 0.458543 0.087550
vt 0.023730 0.311185
vt 0.459404 0.087550
vt 0.016762 0.312579
vt 0.468398 0.165935
vt 0.468398 0.087550
vt 0.469270 0.087550
vt 0.023428 0.311990
vt 0.467538 0.087550
vt 0.106154 0.282645
vt 0.103848 0.282179
vt 0.104284 0.281437
vt 0.467538 0.165935
vt 0.106616 0.281324
vt 0.469270 0.165935
vt 0.104582 0.280618
vt 0.106852 0.279930
vt 0.104733 0.279752
vt 0.470149 0.165935
vt 0.104728 0.278873
vt 0.443436 0.087550
vt 0.444314 0.165935
vt 0.443436 0.165935
vt 0.470149 0.087550
vt 0.444314 0.087550
vt 0.445186 0.087550
vt 0.106852 0.278516
vt 0.445186 0.165935
vt 0.104571 0.278016
vt 0.003393 0.213709
vt 0.004792 0.213709
vt 0.004792 0.299186
vt 0.106616 0.277136
vt 0.006164 0.299186
vt 0.003523 0.007171
vt 0.004194 0.005973
vt 0.014849 0.008120
vt 0.020174 0.213709
vt 0.020174 0.299186
vt 0.018801 0.213709
vt 0.018801 0.299186
vt 0.014387 0.006828
vt 0.017466 0.213709
vt 0.005048 0.004946
vt 0.013716 0.005674
vt 0.017466 0.299186
vt 0.095961 0.274989
vt 0.096815 0.273962
vt 0.098152 0.276017
vt 0.098806 0.275512
vt 0.016171 0.213709
vt 0.097819 0.273145
vt 0.099534 0.275156
vt 0.098934 0.272568
vt 0.014916 0.213709
vt 0.016171 0.299186
vt 0.011858 0.003946
vt 0.012863 0.004700
vt 0.007167 0.003552
vt 0.014916 0.299186
vt 0.006051 0.004129
vt 0.008794 0.213709
vt 0.010050 0.299186
vt 0.008794 0.299186
vt 0.007500 0.213709
vt 0.007499 0.299186
vt 0.006164 0.213709
vt 0.104630 0.273716
vt 0.105484 0.274689
vt 0.103262 0.275886
vt 0.103823 0.276492
vt 0.106154 0.275844
vt 0.104265 0.277212
vt 0.446047 0.087550
vt 0.446047 0.165935
vt 0.446891 0.165935
vt 0.023428 0.307764
vt 0.016324 0.307613
vt 0.022990 0.307024
vt 0.446891 0.087550
vt 0.022431 0.306391
vt 0.016762 0.306892
vt 0.454181 0.165935
vt 0.454181 0.087550
vt 0.453337 0.165935
vt 0.453337 0.087550
vt 0.016021 0.308418
vt 0.097596 0.276652
vt 0.095291 0.276186
vt 0.021775 0.305889
vt 0.447717 0.087550
vt 0.021045 0.305537
vt 0.017320 0.306282
vt 0.448527 0.087550
vt 0.447717 0.165935
vt 0.449324 0.087550
vt 0.448527 0.165935
vt 0.018706 0.305487
vt 0.020271 0.305349
vt 0.017977 0.305808
vt 0.452510 0.087550
vt 0.451701 0.165935
vt 0.451701 0.087550
vt 0.450904 0.165935
vt 0.450904 0.087550
vt 0.100308 0.274965
vt 0.450114 0.165935
vt 0.100119 0.272255
vt 0.101097 0.274945
vt 0.012483 0.213709
vt 0.013691 0.213709
vt 0.013691 0.299186
vt 0.101326 0.272217
vt 0.012483 0.299186
vt 0.008351 0.003239
vt 0.010743 0.003440
vt 0.009559 0.003202
vt 0.011275 0.213709
vt 0.011275 0.299186
vt 0.102510 0.272455
vt 0.103626 0.272962
vt 0.101873 0.275096
vt 0.010050 0.213709
vt 0.102603 0.275414
vt 0.449324 0.165935
vt 0.450114 0.087550
vt 0.019481 0.305332
vt 0.452510 0.165935
vt 0.023730 0.308582
vt 0.105484 0.283842
vt 0.041183 0.213709
vt 0.041183 0.299186
vt 0.039811 0.213709
vt 0.003061 0.012680
vt 0.039812 0.299186
vt 0.013716 0.014827
vt 0.003523 0.013972
vt 0.014387 0.013630
vt 0.025802 0.213709
vt 0.027174 0.299186
vt 0.025801 0.299186
vt 0.096874 0.280816
vt 0.094829 0.281696
vt 0.095291 0.282988
vt 0.097180 0.281620
vt 0.027174 0.213709
vt 0.028510 0.299186
vt 0.097622 0.282339
vt 0.028510 0.213709
vt 0.095961 0.284143
vt 0.460248 0.087550
vt 0.461074 0.165935
vt 0.460248 0.165935
vt 0.098183 0.282946
vt 0.459404 0.165935
vt 0.017320 0.313212
vt 0.022990 0.312711
vt 0.022431 0.313321
vt 0.461074 0.087550
vt 0.017977 0.313714
vt 0.021775 0.313794
vt 0.465867 0.087550
vt 0.466693 0.165935
vt 0.465867 0.165935
vt 0.465057 0.087550
vt 0.466693 0.087550
vt 0.465057 0.165935
vt 0.464260 0.087550
vt 0.021045 0.314115
vt 0.019481 0.314253
vt 0.018707 0.314066
vt 0.461884 0.087550
vt 0.462681 0.087550
vt 0.462681 0.165935
vt 0.461884 0.165935
vt 0.099572 0.283735
vt 0.097819 0.285870
vt 0.098841 0.283417
vt 0.096815 0.285116
vt 0.029804 0.213709
vt 0.031060 0.213709
vt 0.031060 0.299186
vt 0.029804 0.299186
vt 0.032285 0.299186
vt 0.010743 0.017248
vt 0.009559 0.017561
vt 0.006051 0.016855
vt 0.005048 0.016100
vt 0.011858 0.016672
vt 0.004194 0.015127
vt 0.037181 0.213709
vt 0.038476 0.299186
vt 0.037181 0.299186
vt 0.035926 0.213709
vt 0.035926 0.299186
vt 0.103626 0.285687
vt 0.102510 0.286263
vt 0.101910 0.283675
vt 0.101137 0.283866
vt 0.101326 0.286576
vt 0.034701 0.213709
vt 0.100119 0.286615
vt 0.100347 0.283887
vt 0.033493 0.213709
vt 0.034701 0.299186
vt 0.007167 0.017360
vt 0.008351 0.017599
vt 0.033493 0.299186
vt 0.032285 0.213709
vt 0.098934 0.286376
vt 0.463471 0.087550
vt 0.464260 0.165935
vt 0.463471 0.165935
vt 0.020271 0.314270
vt 0.104630 0.284870
vt 0.102638 0.283320
vt 0.038476 0.213709
vt 0.103292 0.282814
vt 0.012863 0.015854
vt 0.123194 0.008243
vt 0.123194 0.009658
vt 0.110934 0.008630
vt 0.111170 0.007235
vt 0.327563 0.002519
vt 0.328977 0.087996
vt 0.327563 0.087996
vt 0.368167 0.002519
vt 0.369582 0.002519
vt 0.369582 0.087996
vt 0.368167 0.087996
vt 0.110934 0.010044
vt 0.122958 0.011052
vt 0.347158 0.002519
vt 0.348572 0.087996
vt 0.347158 0.087996
vt 0.348572 0.002519
vt 0.349986 0.087996
vt 0.111170 0.011424
vt 0.349986 0.002519
vt 0.351386 0.087996
vt 0.122496 0.012374
vt 0.121825 0.013571
vt 0.366768 0.002519
vt 0.366768 0.087996
vt 0.365396 0.002519
vt 0.365396 0.087996
vt 0.111632 0.012715
vt 0.148100 0.173215
vt 0.147638 0.174536
vt 0.145781 0.173606
vt 0.146967 0.175733
vt 0.145338 0.174401
vt 0.434689 0.093835
vt 0.435599 0.172220
vt 0.434689 0.172220
vt 0.433804 0.093835
vt 0.433804 0.172220
vt 0.144774 0.175082
vt 0.432947 0.093835
vt 0.432947 0.172220
vt 0.146113 0.176761
vt 0.144110 0.175624
vt 0.432117 0.093835
vt 0.145109 0.177578
vt 0.143372 0.176007
vt 0.432117 0.172220
vt 0.431307 0.093835
vt 0.431307 0.172220
vt 0.143994 0.178154
vt 0.142590 0.176215
vt 0.361510 0.002519
vt 0.362766 0.002519
vt 0.362766 0.087996
vt 0.361510 0.087996
vt 0.360285 0.002519
vt 0.142810 0.178467
vt 0.141792 0.176240
vt 0.141602 0.178506
vt 0.359077 0.002519
vt 0.360285 0.087996
vt 0.115276 0.016104
vt 0.114160 0.015598
vt 0.118852 0.015991
vt 0.117667 0.016304
vt 0.116460 0.016342
vt 0.359077 0.087996
vt 0.357869 0.002519
vt 0.357869 0.087996
vt 0.140418 0.178267
vt 0.141010 0.176082
vt 0.356644 0.002519
vt 0.139302 0.177761
vt 0.429710 0.093835
vt 0.430509 0.172220
vt 0.429710 0.172220
vt 0.140272 0.175747
vt 0.428901 0.093835
vt 0.428901 0.172220
vt 0.428070 0.093835
vt 0.138298 0.177007
vt 0.139609 0.175246
vt 0.428070 0.172220
vt 0.137445 0.176034
vt 0.139045 0.174601
vt 0.427213 0.093835
vt 0.427213 0.172220
vt 0.354094 0.002519
vt 0.355389 0.002519
vt 0.355389 0.087996
vt 0.136774 0.174879
vt 0.352759 0.002519
vt 0.354094 0.087996
vt 0.120972 0.014597
vt 0.119967 0.015415
vt 0.112303 0.013870
vt 0.113157 0.014844
vt 0.356644 0.087996
vt 0.364061 0.002519
vt 0.364061 0.087996
vt 0.352759 0.087996
vt 0.351386 0.002519
vt 0.136312 0.173587
vt 0.138602 0.173836
vt 0.138297 0.172978
vt 0.426328 0.093835
vt 0.426328 0.172220
vt 0.425419 0.172220
vt 0.425419 0.093835
vt 0.142960 0.192431
vt 0.142396 0.191750
vt 0.149132 0.191187
vt 0.149437 0.190331
vt 0.141953 0.190956
vt 0.141647 0.190080
vt 0.149593 0.189415
vt 0.424491 0.172220
vt 0.424491 0.093835
vt 0.149593 0.188478
vt 0.423553 0.172220
vt 0.423553 0.093835
vt 0.141492 0.189155
vt 0.141492 0.188216
vt 0.149437 0.187553
vt 0.409640 0.093835
vt 0.410579 0.093835
vt 0.410579 0.172220
vt 0.409640 0.172220
vt 0.436527 0.093835
vt 0.437465 0.093835
vt 0.437465 0.172220
vt 0.422614 0.093835
vt 0.422614 0.172220
vt 0.421686 0.172220
vt 0.421686 0.093835
vt 0.141647 0.187302
vt 0.136312 0.169398
vt 0.138604 0.169324
vt 0.138298 0.170200
vt 0.138142 0.171126
vt 0.136076 0.170792
vt 0.420777 0.172220
vt 0.420777 0.093835
vt 0.141953 0.186445
vt 0.149132 0.186676
vt 0.411506 0.093835
vt 0.411506 0.172220
vt 0.412416 0.172220
vt 0.412416 0.093835
vt 0.148688 0.185882
vt 0.413301 0.093835
vt 0.148124 0.185200
vt 0.142396 0.185679
vt 0.419892 0.093835
vt 0.419892 0.172220
vt 0.419035 0.172220
vt 0.147461 0.184658
vt 0.142960 0.185034
vt 0.419035 0.093835
vt 0.139611 0.167849
vt 0.138298 0.165853
vt 0.140275 0.167307
vt 0.418205 0.172220
vt 0.139302 0.165036
vt 0.141012 0.166924
vt 0.137445 0.166880
vt 0.343050 0.002519
vt 0.344386 0.002519
vt 0.344386 0.087996
vt 0.343050 0.087996
vt 0.341756 0.002519
vt 0.341756 0.087996
vt 0.121825 0.004417
vt 0.114160 0.002872
vt 0.120972 0.003444
vt 0.113157 0.003690
vt 0.122496 0.005571
vt 0.331749 0.002519
vt 0.333084 0.087996
vt 0.331749 0.087996
vt 0.333084 0.002519
vt 0.334379 0.087996
vt 0.112303 0.004717
vt 0.122958 0.006864
vt 0.330377 0.002519
vt 0.330377 0.087996
vt 0.111632 0.005914
vt 0.148100 0.169027
vt 0.148336 0.170407
vt 0.146088 0.169952
vt 0.145783 0.169095
vt 0.147638 0.167735
vt 0.328977 0.002519
vt 0.148336 0.171820
vt 0.146243 0.170867
vt 0.345759 0.002519
vt 0.345759 0.087996
vt 0.136774 0.168077
vt 0.139047 0.168530
vt 0.145340 0.168329
vt 0.144776 0.167684
vt 0.146967 0.166579
vt 0.146113 0.165606
vt 0.334379 0.002519
vt 0.413301 0.172220
vt 0.414158 0.093835
vt 0.414158 0.172220
vt 0.335634 0.002519
vt 0.335634 0.087996
vt 0.145109 0.164852
vt 0.144112 0.167184
vt 0.143376 0.166849
vt 0.415798 0.093835
vt 0.415798 0.172220
vt 0.414988 0.172220
vt 0.414988 0.093835
vt 0.416596 0.093835
vt 0.144361 0.184199
vt 0.145143 0.184041
vt 0.145941 0.184067
vt 0.146724 0.184275
vt 0.417395 0.093835
vt 0.416596 0.172220
vt 0.417395 0.172220
vt 0.418205 0.093835
vt 0.143623 0.184534
vt 0.140418 0.164459
vt 0.141602 0.164146
vt 0.141795 0.166716
vt 0.142593 0.166691
vt 0.339275 0.002519
vt 0.340500 0.002519
vt 0.340500 0.087996
vt 0.339275 0.087996
vt 0.142810 0.164108
vt 0.338067 0.002519
vt 0.118852 0.002183
vt 0.119967 0.002690
vt 0.115276 0.002296
vt 0.116460 0.001983
vt 0.117668 0.001945
vt 0.338067 0.087996
vt 0.336859 0.002519
vt 0.336859 0.087996
vt 0.143994 0.164346
vt 0.146243 0.171805
vt 0.146087 0.172730
vt 0.436527 0.172220
vt 0.435599 0.093835
vt 0.136076 0.172207
vt 0.138142 0.172064
vt 0.148688 0.191953
vt 0.143623 0.192974
vt 0.148124 0.192598
vt 0.147461 0.193098
vt 0.144361 0.193357
vt 0.145143 0.193565
vt 0.430509 0.093835
vt 0.145941 0.193591
vt 0.146724 0.193433
vt 0.106617 0.297621
vt 0.106852 0.299015
vt 0.094593 0.300043
vt 0.094593 0.298628
vt 0.375332 0.002519
vt 0.376746 0.087996
vt 0.375332 0.087996
vt 0.415937 0.002519
vt 0.417351 0.002519
vt 0.417351 0.087996
vt 0.415937 0.087996
vt 0.094828 0.301437
vt 0.106852 0.300430
vt 0.394928 0.002519
vt 0.396342 0.087996
vt 0.394928 0.087996
vt 0.396342 0.002519
vt 0.397756 0.002519
vt 0.397756 0.087996
vt 0.095291 0.302759
vt 0.106616 0.301809
vt 0.399155 0.087996
vt 0.106154 0.303101
vt 0.399155 0.002519
vt 0.400528 0.087996
vt 0.400528 0.002519
vt 0.401864 0.087996
vt 0.105483 0.304256
vt 0.095961 0.303956
vt 0.413165 0.002519
vt 0.414537 0.087996
vt 0.413165 0.087996
vt 0.411830 0.002519
vt 0.096815 0.304983
vt 0.411830 0.087996
vt 0.157024 0.155621
vt 0.156170 0.156647
vt 0.155002 0.155416
vt 0.410535 0.002519
vt 0.154287 0.156037
vt 0.155166 0.157465
vt 0.410535 0.087996
vt 0.153494 0.156478
vt 0.154051 0.158042
vt 0.409280 0.002519
vt 0.409280 0.087996
vt 0.098934 0.306376
vt 0.097819 0.305800
vt 0.103626 0.305983
vt 0.104630 0.305229
vt 0.404414 0.002519
vt 0.405639 0.087996
vt 0.404414 0.087996
vt 0.403158 0.002519
vt 0.403158 0.087996
vt 0.102510 0.306489
vt 0.405639 0.002519
vt 0.100119 0.306690
vt 0.101326 0.306728
vt 0.406847 0.087996
vt 0.406847 0.002519
vt 0.408055 0.087996
vt 0.408055 0.002519
vt 0.152866 0.158355
vt 0.151659 0.158392
vt 0.151796 0.156753
vt 0.150474 0.158154
vt 0.396195 0.178060
vt 0.397052 0.256445
vt 0.396195 0.256445
vt 0.150957 0.156577
vt 0.152653 0.156719
vt 0.397052 0.178060
vt 0.397909 0.256445
vt 0.152360 0.304214
vt 0.151520 0.304042
vt 0.153217 0.304175
vt 0.397909 0.178060
vt 0.398784 0.256445
vt 0.398784 0.178060
vt 0.154056 0.303930
vt 0.150729 0.303668
vt 0.150017 0.303106
vt 0.394412 0.178060
vt 0.395320 0.178060
vt 0.395320 0.256445
vt 0.150168 0.156199
vt 0.149359 0.157648
vt 0.148355 0.156894
vt 0.149459 0.155633
vt 0.394412 0.256445
vt 0.393464 0.178060
vt 0.393464 0.256445
vt 0.147501 0.155920
vt 0.148858 0.154900
vt 0.146830 0.154766
vt 0.148386 0.154029
vt 0.392475 0.178060
vt 0.392475 0.256445
vt 0.148936 0.301508
vt 0.148608 0.300535
vt 0.156165 0.302077
vt 0.155559 0.302859
vt 0.149412 0.302377
vt 0.391447 0.256445
vt 0.391447 0.178060
vt 0.390392 0.256445
vt 0.146368 0.153474
vt 0.147902 0.152013
vt 0.148064 0.153055
vt 0.390392 0.178060
vt 0.146133 0.152094
vt 0.147908 0.150943
vt 0.389323 0.256445
vt 0.389323 0.178060
vt 0.156640 0.301166
vt 0.148441 0.299494
vt 0.156968 0.300164
vt 0.148441 0.298424
vt 0.148608 0.297368
vt 0.157135 0.298038
vt 0.157135 0.299108
vt 0.388254 0.256445
vt 0.388254 0.178060
vt 0.146133 0.150680
vt 0.148080 0.149888
vt 0.146368 0.149285
vt 0.148413 0.148887
vt 0.387199 0.256445
vt 0.387199 0.178060
vt 0.386172 0.256445
vt 0.148893 0.147979
vt 0.146830 0.147964
vt 0.393528 0.002519
vt 0.393528 0.087996
vt 0.392155 0.002519
vt 0.147501 0.146767
vt 0.149503 0.147200
vt 0.148355 0.145740
vt 0.390820 0.002519
vt 0.392155 0.087996
vt 0.104630 0.294075
vt 0.105484 0.295102
vt 0.095962 0.294802
vt 0.095291 0.295957
vt 0.390820 0.087996
vt 0.106154 0.296299
vt 0.379518 0.002519
vt 0.380853 0.087996
vt 0.379518 0.087996
vt 0.094829 0.297249
vt 0.378146 0.002519
vt 0.378146 0.087996
vt 0.157695 0.147622
vt 0.158157 0.148914
vt 0.156119 0.148586
vt 0.155648 0.147715
vt 0.157024 0.146467
vt 0.380853 0.002519
vt 0.155047 0.146983
vt 0.156170 0.145494
vt 0.382148 0.002519
vt 0.382148 0.087996
vt 0.096815 0.293828
vt 0.097819 0.293075
vt 0.103626 0.293258
vt 0.383404 0.087996
vt 0.098935 0.292569
vt 0.102511 0.292682
vt 0.383404 0.002519
vt 0.384629 0.087996
vt 0.384629 0.002519
vt 0.385837 0.087996
vt 0.100119 0.292330
vt 0.101326 0.292368
vt 0.385837 0.002519
vt 0.387045 0.002519
vt 0.387045 0.087996
vt 0.388270 0.087996
vt 0.388270 0.002519
vt 0.150474 0.144346
vt 0.151659 0.144033
vt 0.151853 0.145896
vt 0.152866 0.143995
vt 0.152710 0.145863
vt 0.383327 0.178060
vt 0.382452 0.256445
vt 0.382452 0.178060
vt 0.383327 0.256445
vt 0.151012 0.146137
vt 0.381595 0.256445
vt 0.151520 0.293602
vt 0.152360 0.293357
vt 0.154056 0.293490
vt 0.153217 0.293318
vt 0.381595 0.178060
vt 0.380738 0.256445
vt 0.380738 0.178060
vt 0.155166 0.144740
vt 0.154338 0.146416
vt 0.153549 0.146038
vt 0.379862 0.256445
vt 0.154051 0.144234
vt 0.379862 0.178060
vt 0.378955 0.256445
vt 0.150729 0.294047
vt 0.154848 0.293864
vt 0.155559 0.294426
vt 0.378955 0.178060
vt 0.156165 0.295155
vt 0.150017 0.294673
vt 0.378007 0.256445
vt 0.378007 0.178060
vt 0.385182 0.178060
vt 0.384235 0.256445
vt 0.384235 0.178060
vt 0.385182 0.256445
vt 0.149412 0.295455
vt 0.386172 0.178060
vt 0.148936 0.296366
vt 0.156640 0.296023
vt 0.377018 0.178060
vt 0.377018 0.256445
vt 0.375990 0.178060
vt 0.156968 0.296997
vt 0.375990 0.256445
vt 0.374936 0.178060
vt 0.156442 0.149560
vt 0.158392 0.150293
vt 0.156604 0.150602
vt 0.374936 0.256445
vt 0.158392 0.151708
vt 0.156598 0.151672
vt 0.373867 0.178060
vt 0.373867 0.256445
vt 0.158157 0.153102
vt 0.156425 0.152728
vt 0.403711 0.178060
vt 0.404780 0.178060
vt 0.404780 0.256445
vt 0.403711 0.256445
vt 0.157695 0.154424
vt 0.402656 0.178060
vt 0.402656 0.256445
vt 0.156092 0.153728
vt 0.401629 0.178060
vt 0.155612 0.154636
vt 0.401629 0.256445
vt 0.400639 0.256445
vt 0.414537 0.002519
vt 0.376746 0.002519
vt 0.150218 0.146578
vt 0.149359 0.144922
vt 0.389525 0.002519
vt 0.389525 0.087996
vt 0.399692 0.178060
vt 0.400639 0.178060
vt 0.154848 0.303485
vt 0.399692 0.256445
vt 0.401864 0.002519
vt 0.015085 0.195548
vt 0.015085 0.196962
vt 0.002825 0.195934
vt 0.003061 0.194539
vt 0.112601 0.201138
vt 0.114016 0.286615
vt 0.112601 0.286615
vt 0.153207 0.201138
vt 0.154621 0.201138
vt 0.154621 0.286615
vt 0.153207 0.286615
vt 0.002825 0.197349
vt 0.014849 0.198357
vt 0.132197 0.201138
vt 0.133611 0.286615
vt 0.132197 0.286615
vt 0.133611 0.201138
vt 0.135025 0.201138
vt 0.135025 0.286615
vt 0.003061 0.198728
vt 0.136425 0.286615
vt 0.014387 0.199678
vt 0.151807 0.201138
vt 0.151807 0.286615
vt 0.150435 0.201138
vt 0.150435 0.286615
vt 0.013716 0.200875
vt 0.003523 0.200021
vt 0.149100 0.201138
vt 0.149100 0.286615
vt 0.004194 0.201175
vt 0.012863 0.201902
vt 0.011859 0.202720
vt 0.139133 0.201138
vt 0.140428 0.286615
vt 0.139133 0.286615
vt 0.137798 0.201138
vt 0.137798 0.286615
vt 0.095961 0.223502
vt 0.097372 0.222518
vt 0.097982 0.223298
vt 0.096815 0.224530
vt 0.095290 0.222306
vt 0.136425 0.201138
vt 0.094828 0.220984
vt 0.096559 0.220609
vt 0.096892 0.221610
vt 0.391447 0.093835
vt 0.391447 0.172220
vt 0.390393 0.172220
vt 0.392475 0.093835
vt 0.392475 0.172220
vt 0.126784 0.191454
vt 0.126308 0.190544
vt 0.134341 0.189913
vt 0.134013 0.190886
vt 0.127389 0.192237
vt 0.393464 0.093835
vt 0.393464 0.172220
vt 0.394412 0.172220
vt 0.394412 0.093835
vt 0.128102 0.192863
vt 0.132932 0.192483
vt 0.133537 0.191754
vt 0.399692 0.093835
vt 0.400640 0.093835
vt 0.400640 0.172220
vt 0.401629 0.093835
vt 0.106154 0.222648
vt 0.105483 0.223803
vt 0.104127 0.222782
vt 0.104598 0.221912
vt 0.401629 0.172220
vt 0.399692 0.172220
vt 0.103525 0.223515
vt 0.398784 0.093835
vt 0.398784 0.172220
vt 0.102816 0.224081
vt 0.104630 0.224776
vt 0.147805 0.201138
vt 0.146549 0.201138
vt 0.147805 0.286615
vt 0.103625 0.225530
vt 0.146549 0.286615
vt 0.005048 0.202148
vt 0.010743 0.203296
vt 0.006052 0.202902
vt 0.145325 0.201138
vt 0.145325 0.286615
vt 0.007167 0.203409
vt 0.144116 0.201138
vt 0.102510 0.226036
vt 0.102027 0.224459
vt 0.101188 0.224635
vt 0.101326 0.226275
vt 0.397052 0.093835
vt 0.397909 0.172220
vt 0.397052 0.172220
vt 0.397909 0.093835
vt 0.130589 0.193591
vt 0.129733 0.193553
vt 0.131429 0.193420
vt 0.128893 0.193307
vt 0.132220 0.193045
vt 0.395320 0.093835
vt 0.396195 0.093835
vt 0.396195 0.172220
vt 0.395320 0.172220
vt 0.100118 0.226236
vt 0.100332 0.224602
vt 0.098934 0.225923
vt 0.099491 0.224360
vt 0.097818 0.225347
vt 0.140428 0.201138
vt 0.141683 0.201138
vt 0.141683 0.286615
vt 0.142908 0.286615
vt 0.142908 0.201138
vt 0.009559 0.203609
vt 0.008351 0.203647
vt 0.144116 0.286615
vt 0.098697 0.223920
vt 0.402657 0.172220
vt 0.106616 0.221356
vt 0.104921 0.220937
vt 0.105083 0.219894
vt 0.402657 0.093835
vt 0.403711 0.172220
vt 0.106852 0.219976
vt 0.105077 0.218825
vt 0.403711 0.093835
vt 0.404780 0.172220
vt 0.106852 0.218562
vt 0.104904 0.217770
vt 0.373867 0.093835
vt 0.374936 0.172220
vt 0.373867 0.172220
vt 0.404780 0.093835
vt 0.374936 0.093835
vt 0.134341 0.186746
vt 0.134508 0.187802
vt 0.125813 0.188485
vt 0.125980 0.189541
vt 0.134508 0.188871
vt 0.390393 0.093835
vt 0.389324 0.172220
vt 0.389324 0.093835
vt 0.094592 0.219590
vt 0.096381 0.218485
vt 0.096387 0.219554
vt 0.388254 0.172220
vt 0.094592 0.218176
vt 0.096542 0.217442
vt 0.388254 0.093835
vt 0.387200 0.172220
vt 0.387200 0.093835
vt 0.125813 0.187416
vt 0.125980 0.186374
vt 0.134013 0.185743
vt 0.133537 0.184833
vt 0.375990 0.093835
vt 0.377018 0.093835
vt 0.377018 0.172220
vt 0.375990 0.172220
vt 0.104091 0.215861
vt 0.106154 0.215846
vt 0.104571 0.216769
vt 0.106616 0.217167
vt 0.114016 0.201138
vt 0.115416 0.286615
vt 0.115416 0.201138
vt 0.116787 0.286615
vt 0.003523 0.193218
vt 0.014849 0.194168
vt 0.004194 0.192021
vt 0.014387 0.192876
vt 0.005048 0.190995
vt 0.116787 0.201138
vt 0.118123 0.286615
vt 0.105483 0.214649
vt 0.103481 0.215081
vt 0.104630 0.213622
vt 0.118123 0.201138
vt 0.102766 0.214459
vt 0.103625 0.212805
vt 0.119417 0.201138
vt 0.119417 0.286615
vt 0.120673 0.286615
vt 0.006052 0.190177
vt 0.007167 0.189601
vt 0.012863 0.190748
vt 0.013716 0.191721
vt 0.126795 0.201138
vt 0.128089 0.201138
vt 0.128089 0.286615
vt 0.126795 0.286615
vt 0.129425 0.286615
vt 0.095961 0.214349
vt 0.096815 0.213376
vt 0.097938 0.214864
vt 0.095290 0.215504
vt 0.097336 0.215597
vt 0.129425 0.201138
vt 0.096865 0.216467
vt 0.386172 0.093835
vt 0.386172 0.172220
vt 0.385183 0.172220
vt 0.385183 0.093835
vt 0.384235 0.172220
vt 0.126784 0.184533
vt 0.127389 0.183804
vt 0.132932 0.184049
vt 0.384235 0.093835
vt 0.126308 0.185401
vt 0.378007 0.093835
vt 0.378007 0.172220
vt 0.378955 0.093835
vt 0.132220 0.183424
vt 0.378955 0.172220
vt 0.379863 0.093835
vt 0.128102 0.183241
vt 0.131429 0.182980
vt 0.130589 0.182733
vt 0.383327 0.172220
vt 0.383327 0.093835
vt 0.128893 0.182867
vt 0.382452 0.172220
vt 0.382452 0.093835
vt 0.097818 0.212622
vt 0.099436 0.213920
vt 0.098647 0.214298
vt 0.125539 0.201138
vt 0.125539 0.286615
vt 0.124314 0.201138
vt 0.098934 0.212115
vt 0.124314 0.286615
vt 0.123106 0.201138
vt 0.100275 0.213744
vt 0.100118 0.211877
vt 0.123106 0.286615
vt 0.101326 0.211915
vt 0.121898 0.201138
vt 0.008351 0.189287
vt 0.009559 0.189250
vt 0.010743 0.189488
vt 0.121898 0.286615
vt 0.120673 0.201138
vt 0.011859 0.189994
vt 0.102510 0.212228
vt 0.101973 0.214020
vt 0.101131 0.213778
vt 0.381595 0.093835
vt 0.380738 0.172220
vt 0.380738 0.093835
vt 0.379863 0.172220
vt 0.381595 0.172220
vt 0.129733 0.182696
vt 0.094828 0.216796
vt 0.130797 0.201138
vt 0.130797 0.286615
vt 0.125708 0.298629
vt 0.125708 0.300043
vt 0.113449 0.299015
vt 0.113685 0.297620
vt 0.048491 0.221251
vt 0.049905 0.306728
vt 0.048491 0.306728
vt 0.089096 0.221251
vt 0.090510 0.221251
vt 0.090510 0.306728
vt 0.089096 0.306728
vt 0.113449 0.300430
vt 0.125473 0.301438
vt 0.068086 0.221251
vt 0.069500 0.306728
vt 0.068086 0.306728
vt 0.069500 0.221251
vt 0.070915 0.306728
vt 0.070915 0.221251
vt 0.131284 0.301438
vt 0.131048 0.300044
vt 0.133141 0.300028
vt 0.133141 0.299090
vt 0.131048 0.298629
vt 0.423553 0.178060
vt 0.423553 0.256445
vt 0.422614 0.256445
vt 0.133296 0.298175
vt 0.422614 0.178060
vt 0.421686 0.256445
vt 0.421686 0.178060
vt 0.001956 0.308896
vt 0.002111 0.307982
vt 0.009596 0.307356
vt 0.009901 0.308232
vt 0.001956 0.309835
vt 0.410579 0.178060
vt 0.411507 0.178060
vt 0.411507 0.256445
vt 0.410579 0.256445
vt 0.409640 0.178060
vt 0.010057 0.309157
vt 0.409640 0.256445
vt 0.010057 0.310096
vt 0.436527 0.178060
vt 0.437465 0.178060
vt 0.437465 0.256445
vt 0.143307 0.299016
vt 0.143307 0.300430
vt 0.141242 0.299348
vt 0.141086 0.298423
vt 0.141242 0.300287
vt 0.436527 0.256445
vt 0.141087 0.301201
vt 0.435599 0.178060
vt 0.435599 0.256445
vt 0.143072 0.301810
vt 0.434689 0.178060
vt 0.140782 0.302059
vt 0.434689 0.256445
vt 0.433804 0.178060
vt 0.009153 0.312633
vt 0.002860 0.312430
vt 0.009596 0.311868
vt 0.002417 0.311636
vt 0.009901 0.311011
vt 0.425419 0.178060
vt 0.424490 0.256445
vt 0.424490 0.178060
vt 0.002111 0.310760
vt 0.426328 0.178060
vt 0.425419 0.256445
vt 0.426328 0.256445
vt 0.133297 0.300953
vt 0.133602 0.301829
vt 0.131746 0.302759
vt 0.134046 0.302623
vt 0.134610 0.303305
vt 0.132417 0.303956
vt 0.427213 0.178060
vt 0.427213 0.256445
vt 0.003424 0.313111
vt 0.008588 0.313278
vt 0.004088 0.313654
vt 0.428070 0.178060
vt 0.428070 0.256445
vt 0.133271 0.304983
vt 0.135274 0.303847
vt 0.134274 0.305800
vt 0.428901 0.256445
vt 0.136011 0.304229
vt 0.135390 0.306377
vt 0.075022 0.221251
vt 0.076317 0.221251
vt 0.076317 0.306728
vt 0.077572 0.306728
vt 0.077572 0.221251
vt 0.078798 0.221251
vt 0.078798 0.306728
vt 0.136574 0.306690
vt 0.136794 0.304437
vt 0.137591 0.304463
vt 0.429710 0.178060
vt 0.430509 0.256445
vt 0.429710 0.256445
vt 0.428901 0.178060
vt 0.005607 0.314245
vt 0.004825 0.314037
vt 0.007925 0.313778
vt 0.432117 0.178060
vt 0.432947 0.256445
vt 0.432117 0.256445
vt 0.432947 0.178060
vt 0.007188 0.314113
vt 0.431307 0.178060
vt 0.431307 0.256445
vt 0.139112 0.303969
vt 0.140081 0.305984
vt 0.138374 0.304305
vt 0.139775 0.303469
vt 0.141085 0.305230
vt 0.082438 0.221251
vt 0.083694 0.221251
vt 0.083694 0.306728
vt 0.082438 0.306728
vt 0.081213 0.221251
vt 0.138966 0.306490
vt 0.081213 0.306728
vt 0.137781 0.306728
vt 0.080005 0.221251
vt 0.117791 0.306489
vt 0.116675 0.305983
vt 0.121366 0.306377
vt 0.120182 0.306690
vt 0.118975 0.306728
vt 0.080005 0.306728
vt 0.115672 0.305229
vt 0.114818 0.304256
vt 0.122482 0.305800
vt 0.084989 0.306728
vt 0.123486 0.304982
vt 0.084989 0.221251
vt 0.086324 0.306728
vt 0.114147 0.303101
vt 0.124340 0.303956
vt 0.113685 0.301809
vt 0.086324 0.221251
vt 0.087696 0.306728
vt 0.142610 0.303101
vt 0.140339 0.302824
vt 0.141939 0.304257
vt 0.087696 0.221251
vt 0.433804 0.256445
vt 0.125010 0.302759
vt 0.072314 0.221251
vt 0.072315 0.306728
vt 0.073686 0.306728
vt 0.073686 0.221251
vt 0.075022 0.306728
vt 0.430509 0.178060
vt 0.006405 0.314270
vt 0.143072 0.297621
vt 0.140780 0.297547
vt 0.049905 0.221251
vt 0.051304 0.306728
vt 0.051304 0.221251
vt 0.142610 0.296300
vt 0.052677 0.306728
vt 0.140337 0.296753
vt 0.141939 0.295103
vt 0.052677 0.221251
vt 0.054012 0.306728
vt 0.114818 0.295102
vt 0.115672 0.294075
vt 0.125011 0.295957
vt 0.125473 0.297249
vt 0.114147 0.296299
vt 0.066686 0.221251
vt 0.066686 0.306728
vt 0.065314 0.221251
vt 0.065314 0.306728
vt 0.133601 0.297318
vt 0.131746 0.295957
vt 0.134044 0.296552
vt 0.131284 0.297250
vt 0.132417 0.294803
vt 0.063979 0.221251
vt 0.062684 0.221251
vt 0.063979 0.306728
vt 0.134608 0.295907
vt 0.133271 0.293830
vt 0.135271 0.295407
vt 0.134274 0.293076
vt 0.061429 0.221251
vt 0.062684 0.306728
vt 0.122482 0.293075
vt 0.123486 0.293829
vt 0.117791 0.292681
vt 0.061429 0.306728
vt 0.116675 0.293258
vt 0.124340 0.294802
vt 0.055307 0.221251
vt 0.056563 0.306728
vt 0.055307 0.306728
vt 0.054012 0.221251
vt 0.141086 0.294075
vt 0.139772 0.296072
vt 0.139109 0.295530
vt 0.140081 0.293258
vt 0.414158 0.178060
vt 0.414158 0.256445
vt 0.413301 0.256445
vt 0.414988 0.178060
vt 0.414988 0.256445
vt 0.138372 0.295147
vt 0.415798 0.178060
vt 0.415798 0.256445
vt 0.137589 0.294939
vt 0.138966 0.292682
vt 0.056563 0.221251
vt 0.057787 0.306728
vt 0.057787 0.221251
vt 0.137781 0.292369
vt 0.058996 0.306728
vt 0.058996 0.221251
vt 0.136574 0.292330
vt 0.136791 0.294914
vt 0.135390 0.292569
vt 0.417395 0.178060
vt 0.416596 0.256445
vt 0.416596 0.178060
vt 0.417395 0.256445
vt 0.136008 0.295072
vt 0.060204 0.221251
vt 0.060204 0.306728
vt 0.121366 0.292569
vt 0.118975 0.292368
vt 0.120182 0.292330
vt 0.418205 0.178060
vt 0.418205 0.256445
vt 0.419035 0.178060
vt 0.003424 0.305714
vt 0.004088 0.305214
vt 0.007188 0.304955
vt 0.004825 0.304879
vt 0.419035 0.256445
vt 0.419892 0.178060
vt 0.002860 0.306359
vt 0.007925 0.305338
vt 0.420777 0.178060
vt 0.420777 0.256445
vt 0.419892 0.256445
vt 0.002417 0.307124
vt 0.008588 0.305880
vt 0.009153 0.306562
vt 0.412417 0.256445
vt 0.412417 0.178060
vt 0.413301 0.178060
vt 0.005607 0.304722
vt 0.006406 0.304747
vt 0.106616 0.237281
vt 0.106852 0.238675
vt 0.094592 0.239704
vt 0.094592 0.238289
vt 0.327563 0.165939
vt 0.328977 0.251416
vt 0.327563 0.251416
vt 0.368168 0.165939
vt 0.369582 0.165939
vt 0.369582 0.251416
vt 0.368168 0.251416
vt 0.094828 0.241098
vt 0.106852 0.240090
vt 0.347158 0.165939
vt 0.348572 0.251416
vt 0.347158 0.251416
vt 0.348572 0.165939
vt 0.349987 0.251416
vt 0.094592 0.260202
vt 0.094592 0.258788
vt 0.096716 0.259844
vt 0.349987 0.165939
vt 0.096712 0.258966
vt 0.094828 0.257393
vt 0.096862 0.258100
vt 0.097161 0.257281
vt 0.438430 0.080453
vt 0.437557 0.002068
vt 0.438430 0.002068
vt 0.437557 0.080453
vt 0.436679 0.080453
vt 0.436679 0.002068
vt 0.030953 0.310325
vt 0.030953 0.309447
vt 0.038970 0.310157
vt 0.038970 0.309279
vt 0.435800 0.080453
vt 0.031107 0.308581
vt 0.038816 0.308420
vt 0.449157 0.002068
vt 0.449157 0.080453
vt 0.448285 0.080453
vt 0.450035 0.080453
vt 0.448285 0.002068
vt 0.106852 0.258402
vt 0.106852 0.259816
vt 0.104728 0.258760
vt 0.104732 0.259639
vt 0.104571 0.257902
vt 0.450035 0.002068
vt 0.104582 0.260504
vt 0.424201 0.080453
vt 0.423322 0.080453
vt 0.423322 0.002068
vt 0.424201 0.002068
vt 0.106616 0.261211
vt 0.425073 0.002068
vt 0.104283 0.261324
vt 0.106154 0.262532
vt 0.103848 0.262066
vt 0.425933 0.080453
vt 0.425933 0.002068
vt 0.425073 0.080453
vt 0.038513 0.311840
vt 0.038074 0.312580
vt 0.031408 0.311989
vt 0.031846 0.312711
vt 0.037515 0.313213
vt 0.426778 0.080453
vt 0.036859 0.313715
vt 0.426778 0.002068
vt 0.427604 0.080453
vt 0.105483 0.263729
vt 0.104630 0.264757
vt 0.103292 0.262701
vt 0.102638 0.263206
vt 0.427604 0.002068
vt 0.365396 0.165939
vt 0.366768 0.165939
vt 0.366768 0.251416
vt 0.365396 0.251416
vt 0.364061 0.165939
vt 0.095290 0.242419
vt 0.106154 0.242761
vt 0.095961 0.243616
vt 0.105483 0.243916
vt 0.096815 0.244643
vt 0.364061 0.251416
vt 0.104630 0.244890
vt 0.097818 0.245461
vt 0.362766 0.165939
vt 0.362766 0.251416
vt 0.103625 0.265574
vt 0.101910 0.263561
vt 0.102510 0.266150
vt 0.361511 0.165939
vt 0.101137 0.263753
vt 0.101326 0.266463
vt 0.360285 0.165939
vt 0.361511 0.251416
vt 0.100118 0.246350
vt 0.098934 0.246037
vt 0.103625 0.245644
vt 0.360285 0.251416
vt 0.356645 0.165939
vt 0.357869 0.251416
vt 0.356645 0.251416
vt 0.355389 0.165939
vt 0.102510 0.246149
vt 0.355389 0.251416
vt 0.097818 0.265756
vt 0.096815 0.265002
vt 0.098841 0.263304
vt 0.354094 0.165939
vt 0.095961 0.264029
vt 0.098183 0.262833
vt 0.099572 0.263622
vt 0.431587 0.080453
vt 0.430790 0.002068
vt 0.431587 0.002068
vt 0.432397 0.080453
vt 0.432397 0.002068
vt 0.433224 0.080453
vt 0.033061 0.313794
vt 0.032405 0.313320
vt 0.036129 0.314066
vt 0.428414 0.080453
vt 0.428414 0.002068
vt 0.429211 0.080453
vt 0.035354 0.314254
vt 0.429211 0.002068
vt 0.430001 0.080453
vt 0.033791 0.314115
vt 0.034565 0.314270
vt 0.430790 0.080453
vt 0.430001 0.002068
vt 0.098934 0.266263
vt 0.100347 0.263773
vt 0.100118 0.266501
vt 0.359078 0.165939
vt 0.357870 0.165939
vt 0.359078 0.251416
vt 0.101326 0.246388
vt 0.433224 0.002068
vt 0.097621 0.262226
vt 0.095290 0.262875
vt 0.097180 0.261507
vt 0.434068 0.002068
vt 0.094828 0.261582
vt 0.351386 0.165939
vt 0.352759 0.165939
vt 0.352759 0.251416
vt 0.354094 0.251416
vt 0.351386 0.251416
vt 0.096874 0.260703
vt 0.434928 0.080453
vt 0.434928 0.002068
vt 0.435800 0.002068
vt 0.434068 0.080453
vt 0.038815 0.311022
vt 0.031106 0.311183
vt 0.106616 0.241469
vt 0.447424 0.002068
vt 0.106616 0.257022
vt 0.104265 0.257098
vt 0.447424 0.080453
vt 0.446580 0.002068
vt 0.103823 0.256379
vt 0.106154 0.255731
vt 0.105483 0.254575
vt 0.331749 0.165939
vt 0.333084 0.165939
vt 0.333084 0.251416
vt 0.330377 0.165939
vt 0.331749 0.251416
vt 0.104630 0.233735
vt 0.105483 0.234763
vt 0.095961 0.234463
vt 0.096815 0.233490
vt 0.095290 0.235617
vt 0.334379 0.251416
vt 0.097818 0.232735
vt 0.103625 0.232918
vt 0.334379 0.165939
vt 0.335634 0.251416
vt 0.103626 0.252848
vt 0.104630 0.253602
vt 0.102603 0.255300
vt 0.335634 0.165939
vt 0.103262 0.255772
vt 0.445754 0.080453
vt 0.445754 0.002068
vt 0.444944 0.080453
vt 0.444944 0.002068
vt 0.036861 0.305809
vt 0.037518 0.306284
vt 0.033063 0.305889
vt 0.033793 0.305537
vt 0.036131 0.305488
vt 0.444147 0.080453
vt 0.443357 0.080453
vt 0.444147 0.002068
vt 0.034568 0.305350
vt 0.035357 0.305333
vt 0.442567 0.080453
vt 0.443357 0.002068
vt 0.441770 0.080453
vt 0.442567 0.002068
vt 0.441770 0.002068
vt 0.098934 0.252455
vt 0.100308 0.254852
vt 0.099534 0.255043
vt 0.100118 0.252142
vt 0.101097 0.254832
vt 0.339276 0.165939
vt 0.340500 0.165939
vt 0.340500 0.251416
vt 0.339276 0.251416
vt 0.101326 0.252104
vt 0.338067 0.165939
vt 0.098934 0.232229
vt 0.100118 0.231990
vt 0.101326 0.232028
vt 0.102510 0.232342
vt 0.338067 0.251416
vt 0.336859 0.165939
vt 0.336859 0.251416
vt 0.102510 0.252342
vt 0.101872 0.254983
vt 0.341756 0.251416
vt 0.341756 0.165939
vt 0.097819 0.253031
vt 0.343051 0.251416
vt 0.343051 0.165939
vt 0.096815 0.253849
vt 0.098806 0.255398
vt 0.440134 0.080453
vt 0.440134 0.002068
vt 0.440961 0.002068
vt 0.440961 0.080453
vt 0.098152 0.255903
vt 0.095961 0.254875
vt 0.097596 0.256539
vt 0.439290 0.080453
vt 0.439290 0.002068
vt 0.031410 0.307764
vt 0.031848 0.307024
vt 0.038514 0.307615
vt 0.038075 0.306893
vt 0.032407 0.306391
vt 0.446580 0.080453
vt 0.095290 0.256072
vt 0.345759 0.165939
vt 0.345759 0.251416
vt 0.344386 0.165939
vt 0.106154 0.235960
vt 0.344386 0.251416
vt 0.094828 0.236910
vt 0.328977 0.165939
vt 0.330377 0.251416
vt 0.372926 0.807407
vt 0.325723 0.833192
vt 0.296555 0.779795
vt 0.343759 0.754011
vt 0.483977 0.773169
vt 0.410566 0.759604
vt 0.424556 0.707668
vt 0.403335 0.875587
vt 0.374168 0.928984
vt 0.296555 0.886589
vt 0.468802 0.902105
vt 0.440310 0.923907
vt 0.431828 0.853785
vt 0.469467 0.805981
vt 0.000000 0.000000
s 1
usemtl マテリアル
f 2/1/1 5/2/1 1/3/1
f 2/1/1 1/3/1 3/4/1
f 4/5/2 3/6/2 1/7/2
f 5/2/3 4/8/3 1/9/3
f 5/2/3 6/10/3 4/8/3
f 2/1/4 6/10/4 5/2/4
f 8/11/5 4/12/5 6/10/5
f 2/1/4 7/13/4 6/10/4
f 8/11/5 6/10/5 7/13/5
f 4/5/2 8/14/2 3/6/2
f 8/14/6 7/13/6 2/1/6
f 8/14/6 2/1/6 3/6/6
f 15/15/7 9/16/7 10/17/7
f 10/17/8 9/16/8 11/18/8
f 9/16/9 12/19/9 11/18/9
f 9/16/9 13/20/9 12/19/9
f 14/21/10 13/20/10 9/16/10
f 15/15/7 14/21/7 9/16/7
f 17/22/11 15/15/11 10/17/11
f 16/23/12 14/21/12 15/15/12
f 16/23/12 15/15/12 19/24/12
f 18/25/13 15/15/13 17/22/13
f 18/25/13 19/24/13 15/15/13
f 20/26/14 19/24/14 18/25/14
f 21/27/15 16/23/15 19/24/15
f 20/26/14 22/28/14 19/24/14
f 21/27/15 19/24/15 22/28/15
f 23/29/16 22/28/16 24/30/16
f 23/29/16 21/27/16 22/28/16
f 25/31/17 24/30/17 22/28/17
f 25/31/17 22/28/17 20/26/17
f 25/31/18 20/26/18 26/32/18
f 25/31/18 26/32/18 28/33/18
f 27/34/19 24/30/19 25/31/19
f 27/34/20 25/31/20 28/33/20
f 29/35/21 28/33/21 31/36/21
f 29/35/21 30/37/21 28/33/21
f 27/34/20 28/33/20 30/37/20
f 31/36/22 28/33/22 26/32/22
f 31/36/22 26/32/22 32/38/22
f 33/39/23 31/36/23 32/38/23
f 34/40/24 31/36/24 33/39/24
f 34/40/24 29/35/24 31/36/24
f 34/40/25 36/41/25 35/42/25
f 37/43/26 34/40/26 35/42/26
f 34/40/25 33/39/25 36/41/25
f 37/43/27 29/35/27 34/40/27
f 37/43/27 38/44/27 29/35/27
f 37/43/26 35/42/26 40/45/26
f 39/46/28 38/44/28 37/43/28
f 39/46/29 37/43/29 40/45/29
f 39/46/29 40/45/29 41/47/29
f 41/47/30 40/45/30 42/48/30
f 40/45/31 43/49/31 42/48/31
f 40/45/31 35/42/31 43/49/31
f 35/42/32 44/50/32 43/49/32
f 45/51/33 43/49/33 44/50/33
f 46/52/34 43/49/34 45/51/34
f 46/52/34 42/48/34 43/49/34
f 47/53/35 46/52/35 49/54/35
f 47/53/36 42/48/36 46/52/36
f 46/52/37 48/55/37 49/54/37
f 46/52/37 45/51/37 48/55/37
f 50/56/38 49/54/38 48/55/38
f 51/57/39 49/54/39 50/56/39
f 51/57/39 52/58/39 49/54/39
f 47/53/35 49/54/35 52/58/35
f 53/59/40 52/58/40 51/57/40
f 53/59/40 54/60/40 52/58/40
f 55/61/41 52/58/41 54/60/41
f 55/61/41 47/53/41 52/58/41
f 55/61/42 56/62/42 47/53/42
f 55/61/42 58/63/42 56/62/42
f 57/64/43 55/65/43 54/66/43
f 57/64/44 58/67/44 55/65/44
f 57/64/44 59/68/44 58/67/44
f 60/69/45 58/67/45 59/68/45
f 60/69/45 61/70/45 58/67/45
f 61/71/46 56/62/46 58/63/46
f 61/71/46 41/47/46 56/62/46
f 63/72/47 41/47/47 61/71/47
f 62/73/48 61/70/48 60/69/48
f 62/73/48 63/74/48 61/70/48
f 63/72/47 39/46/47 41/47/47
f 63/72/49 64/75/49 39/46/49
f 63/72/49 65/76/49 64/75/49
f 62/73/50 65/77/50 63/74/50
f 65/76/51 67/78/51 64/75/51
f 62/73/50 66/79/50 65/77/50
f 66/79/52 68/80/52 65/77/52
f 65/76/51 68/81/51 67/78/51
f 66/79/52 69/82/52 68/80/52
f 70/83/53 68/80/53 69/82/53
f 70/83/53 71/84/53 68/80/53
f 71/85/54 67/78/54 68/81/54
f 71/85/54 72/86/54 67/78/54
f 71/85/55 73/87/55 72/86/55
f 71/85/55 74/88/55 73/87/55
f 70/83/56 74/89/56 71/84/56
f 75/90/57 73/87/57 74/88/57
f 76/91/58 75/92/58 74/89/58
f 76/91/58 74/89/58 77/93/58
f 70/83/56 77/93/56 74/89/56
f 78/94/59 76/91/59 77/93/59
f 78/94/59 77/93/59 79/95/59
f 80/96/60 79/95/60 77/93/60
f 80/96/60 77/93/60 70/83/60
f 82/97/61 80/96/61 81/98/61
f 80/96/62 69/82/62 81/98/62
f 80/96/62 70/83/62 69/82/62
f 82/97/63 79/95/63 80/96/63
f 84/99/64 83/100/64 82/97/64
f 82/97/63 83/100/63 79/95/63
f 84/99/65 82/97/65 85/101/65
f 82/97/61 81/98/61 85/101/61
f 86/102/66 85/101/66 81/98/66
f 87/103/67 85/101/67 86/102/67
f 87/103/67 88/104/67 85/101/67
f 84/99/65 85/101/65 88/104/65
f 90/105/68 88/104/68 89/106/68
f 91/107/69 89/106/69 88/104/69
f 90/105/68 84/99/68 88/104/68
f 91/107/69 88/104/69 87/103/69
f 92/108/70 89/106/70 91/107/70
f 93/109/71 91/107/71 87/103/71
f 94/110/72 92/108/72 91/107/72
f 94/110/72 91/107/72 93/109/72
f 94/110/73 95/111/73 96/112/73
f 94/110/73 93/109/73 95/111/73
f 97/113/74 94/110/75 96/112/74
f 97/113/76 92/108/76 94/110/77
f 97/113/74 96/112/74 98/114/74
f 99/115/78 97/113/79 98/114/78
f 99/115/80 100/116/80 97/113/81
f 97/113/76 100/116/76 92/108/76
f 99/115/80 101/117/82 100/116/80
f 101/117/83 103/118/83 100/116/83
f 100/116/84 102/119/84 92/108/84
f 100/116/84 103/118/84 102/119/84
f 101/117/83 104/120/83 103/118/83
f 106/121/85 103/118/85 104/120/85
f 105/122/86 102/119/86 103/118/86
f 106/121/85 105/122/85 103/118/85
f 106/121/87 107/123/87 105/122/87
f 108/124/88 106/121/88 104/120/88
f 106/121/87 109/125/87 107/123/87
f 108/124/89 109/125/89 106/121/89
f 110/126/90 112/127/90 109/125/90
f 110/126/90 109/125/90 111/128/90
f 108/124/89 111/128/89 109/125/89
f 112/127/91 107/123/91 109/125/91
f 112/127/92 114/129/92 113/130/92
f 112/127/92 113/130/92 116/131/92
f 115/132/93 114/129/93 112/127/93
f 115/132/93 112/127/93 110/126/93
f 112/127/91 116/131/91 107/123/91
f 116/131/94 117/133/94 107/123/94
f 116/131/94 118/134/94 117/133/94
f 113/130/95 118/134/95 116/131/95
f 118/134/96 119/135/96 117/133/96
f 118/134/96 120/136/96 119/135/96
f 113/130/95 121/137/95 118/134/95
f 121/137/97 120/136/98 118/134/98
f 113/130/99 123/138/99 121/137/99
f 123/138/100 122/139/101 121/137/101
f 121/137/97 122/139/97 120/136/98
f 123/138/102 124/140/102 125/141/102
f 126/142/103 124/143/103 123/138/103
f 113/130/99 126/142/99 123/138/99
f 123/138/100 125/141/100 122/139/101
f 114/129/104 126/142/104 113/130/104
f 114/129/104 127/144/104 126/142/104
f 127/144/105 124/145/105 126/142/105
f 115/132/106 127/144/106 114/129/106
f 115/132/106 128/146/106 127/144/106
f 128/146/107 124/147/107 127/144/107
f 129/148/108 128/146/108 115/132/108
f 129/148/109 124/149/109 128/146/109
f 131/150/110 129/148/110 130/151/111
f 129/148/108 115/132/108 130/151/108
f 131/150/112 124/152/112 129/148/112
f 132/153/113 134/154/113 131/150/113
f 132/153/113 131/150/113 133/155/113
f 131/150/110 130/151/111 133/155/111
f 134/154/114 124/156/114 131/150/114
f 135/157/115 124/158/115 134/154/115
f 135/157/116 134/154/116 132/153/116
f 136/159/117 124/160/117 135/157/117
f 136/159/118 135/157/118 137/161/118
f 135/157/116 132/153/116 137/161/116
f 137/161/119 138/162/119 139/163/119
f 137/161/119 132/153/119 138/162/119
f 140/164/120 137/161/120 139/163/120
f 136/159/118 137/161/118 140/164/118
f 141/165/121 140/164/121 142/166/121
f 141/165/121 136/159/121 140/164/121
f 142/166/122 140/164/122 143/167/122
f 140/164/120 139/163/120 143/167/120
f 143/167/123 139/163/123 145/168/123
f 142/166/122 143/167/122 144/169/122
f 144/169/124 143/167/124 146/170/124
f 143/167/123 145/168/123 146/170/123
f 148/171/125 147/172/125 146/170/125
f 144/169/124 146/170/124 147/172/124
f 148/171/125 146/170/125 149/173/125
f 149/173/126 146/170/126 145/168/126
f 149/173/127 150/174/127 151/175/127
f 149/173/127 152/176/127 150/174/127
f 148/171/128 149/173/128 151/175/128
f 149/173/126 145/168/126 152/176/126
f 152/176/129 153/177/129 155/178/129
f 152/176/130 154/179/130 153/177/130
f 152/176/130 145/168/130 154/179/130
f 152/176/129 155/178/129 150/174/129
f 156/180/131 150/174/131 155/178/131
f 156/180/131 155/178/131 157/181/131
f 157/181/132 155/178/132 158/182/132
f 153/177/133 158/182/133 155/178/133
f 159/183/134 158/182/134 161/184/134
f 157/181/132 158/182/132 159/183/132
f 153/177/133 160/185/133 158/182/133
f 160/185/135 161/184/135 158/182/135
f 159/183/134 161/184/134 164/186/134
f 160/185/135 162/187/135 161/184/135
f 162/187/136 163/188/136 161/184/136
f 164/186/137 161/184/137 163/188/137
f 166/189/138 164/186/138 165/190/138
f 164/186/137 163/188/137 165/190/137
f 167/191/139 159/183/139 164/186/139
f 167/191/139 164/186/139 166/189/139
f 168/192/140 159/183/140 167/191/140
f 168/192/141 167/191/141 170/193/141
f 167/191/142 166/189/142 169/194/142
f 167/191/142 169/194/142 170/193/142
f 170/193/143 173/195/143 171/196/143
f 172/197/144 170/193/144 171/196/144
f 168/192/141 170/193/141 172/197/141
f 170/193/143 169/194/143 173/195/143
f 174/198/145 173/195/145 176/199/145
f 174/198/145 171/196/145 173/195/145
f 169/194/146 175/200/146 173/195/146
f 176/199/147 173/195/148 175/200/147
f 176/199/149 177/201/149 179/202/149
f 176/199/147 175/200/147 177/201/147
f 174/198/150 176/199/150 178/203/150
f 176/199/149 179/202/149 178/203/149
f 177/201/151 180/204/151 179/202/151
f 182/205/152 178/203/152 179/202/152
f 181/206/153 179/202/153 180/204/153
f 182/205/152 179/202/152 181/206/152
f 183/207/154 182/205/154 181/206/154
f 184/208/155 182/205/155 183/207/155
f 184/208/155 185/209/155 182/205/155
f 185/209/156 178/203/156 182/205/156
f 186/210/157 185/209/157 184/208/157
f 186/210/158 187/211/158 185/209/158
f 185/209/156 187/211/156 178/203/156
f 186/210/158 188/212/158 187/211/158
f 189/213/159 187/211/159 188/212/159
f 189/213/159 174/198/159 187/211/159
f 174/198/150 178/203/150 187/211/150
f 189/213/160 171/196/160 174/198/160
f 189/213/160 190/214/160 171/196/160
f 191/215/161 190/214/161 189/213/161
f 191/215/162 189/213/162 188/212/162
f 191/215/161 194/216/161 190/214/161
f 191/215/162 188/212/162 193/217/162
f 192/218/163 194/216/163 191/215/163
f 192/218/164 191/215/164 193/217/164
f 192/218/163 195/219/163 194/216/163
f 196/220/165 194/216/165 195/219/165
f 196/220/165 197/221/165 194/216/165
f 197/221/166 190/214/166 194/216/166
f 198/222/167 172/197/167 197/221/167
f 197/221/166 172/197/166 190/214/166
f 199/223/168 198/222/168 197/221/168
f 199/223/168 197/221/168 196/220/168
f 199/223/169 156/180/169 198/222/169
f 199/223/169 201/224/169 156/180/169
f 200/225/170 201/224/170 199/223/170
f 200/225/171 199/223/171 196/220/171
f 200/225/170 202/226/170 201/224/170
f 202/226/172 151/175/172 201/224/172
f 201/224/173 150/174/173 156/180/173
f 201/224/173 151/175/173 150/174/173
f 204/227/174 203/228/174 202/226/174
f 202/226/172 203/228/172 151/175/172
f 205/229/175 204/227/176 202/226/175
f 205/229/175 202/226/175 200/225/177
f 206/230/178 204/227/178 205/229/179
f 206/230/180 205/229/181 207/231/180
f 205/229/182 208/232/182 207/231/183
f 205/229/182 200/225/184 208/232/182
f 207/231/185 208/232/185 209/233/185
f 208/232/186 195/219/186 209/233/186
f 208/232/186 196/220/186 195/219/186
f 200/225/171 196/220/171 208/232/171
f 207/231/185 209/233/185 210/234/185
f 212/235/187 210/234/187 209/233/187
f 211/236/188 209/233/188 195/219/188
f 212/235/187 209/233/187 211/236/187
f 212/235/189 211/236/189 215/237/189
f 213/238/190 212/235/190 214/239/190
f 213/238/191 210/234/191 212/235/191
f 212/235/189 215/237/189 214/239/189
f 211/236/192 216/240/192 215/237/192
f 218/241/193 214/239/193 215/237/193
f 217/242/194 215/237/194 216/240/194
f 218/241/193 215/237/193 217/242/193
f 222/243/195 219/244/195 218/241/195
f 219/244/196 214/239/196 218/241/196
f 222/243/195 218/241/195 220/245/195
f 218/241/197 221/246/197 220/245/197
f 218/241/197 217/242/197 221/246/197
f 222/243/198 220/245/198 223/247/198
f 222/243/198 223/247/198 226/248/198
f 224/249/199 219/244/199 222/243/199
f 224/249/199 222/243/199 225/250/199
f 225/250/200 222/243/200 226/248/200
f 227/251/201 226/248/201 223/247/201
f 227/252/202 228/253/202 226/248/202
f 225/250/200 226/248/200 228/253/200
f 227/254/203 229/255/203 228/253/203
f 229/255/204 225/250/205 228/253/204
f 227/256/206 230/257/206 229/255/206
f 232/258/207 229/255/207 230/257/207
f 229/255/204 231/259/205 225/250/205
f 232/258/207 231/259/207 229/255/207
f 235/260/208 233/261/208 232/258/208
f 233/261/209 231/259/209 232/258/209
f 234/262/210 235/260/211 232/258/211
f 234/262/210 232/258/211 230/257/210
f 235/260/208 236/263/208 233/261/208
f 237/264/212 236/263/212 235/260/212
f 238/265/213 237/264/213 235/260/213
f 238/265/213 235/260/213 234/262/213
f 239/266/214 238/265/214 240/267/214
f 239/266/214 237/264/214 238/265/214
f 227/268/215 240/267/215 238/265/215
f 227/269/216 238/265/216 234/262/216
f 241/270/217 239/266/217 240/267/217
f 241/270/217 240/267/217 242/271/217
f 227/272/218 242/271/218 240/267/218
f 227/273/219 244/274/219 242/271/219
f 243/275/220 241/270/220 242/271/220
f 243/275/220 242/271/220 244/274/220
f 227/276/221 245/277/221 244/274/221
f 245/277/222 243/275/222 244/274/222
f 227/278/223 246/279/223 245/277/223
f 248/280/224 245/277/225 246/279/225
f 245/277/222 247/281/222 243/275/222
f 248/280/224 247/281/226 245/277/225
f 249/282/227 247/281/227 248/280/227
f 250/283/228 249/282/228 248/280/228
f 250/283/228 248/280/228 251/284/228
f 252/285/229 251/284/229 248/280/229
f 252/285/229 248/280/229 246/279/229
f 227/286/230 252/285/230 246/279/230
f 227/287/231 254/288/231 252/285/231
f 253/289/232 251/284/232 252/285/232
f 253/289/232 252/285/232 254/288/232
f 227/290/233 255/291/233 254/288/233
f 255/291/234 253/289/235 254/288/234
f 227/292/236 258/293/236 255/291/236
f 257/294/237 256/295/237 255/291/237
f 255/291/234 256/295/235 253/289/235
f 257/294/237 255/291/237 258/293/237
f 227/296/238 259/297/238 258/293/238
f 260/298/239 257/294/239 258/293/239
f 260/298/239 258/293/239 259/297/239
f 53/59/240 257/294/240 260/298/240
f 261/299/241 53/300/241 260/301/241
f 261/299/241 260/301/241 262/302/241
f 263/303/242 262/302/242 260/301/242
f 263/303/242 260/301/242 259/304/242
f 227/305/243 263/303/243 259/304/243
f 227/306/244 264/307/244 263/303/244
f 264/307/245 262/302/245 263/303/245
f 227/308/246 265/309/246 264/307/246
f 265/309/247 266/310/248 264/307/247
f 264/307/245 266/310/245 262/302/245
f 267/311/249 262/302/249 266/310/249
f 268/312/250 267/311/250 266/310/251
f 268/312/250 266/310/251 269/313/251
f 265/309/247 269/313/248 266/310/248
f 270/314/252 268/312/252 269/313/252
f 270/314/252 269/313/252 271/315/252
f 271/315/253 269/313/253 265/309/253
f 272/316/254 270/314/254 271/315/254
f 272/316/254 271/315/254 273/317/254
f 275/318/255 273/317/256 271/315/256
f 271/315/253 265/309/253 274/319/253
f 275/318/255 271/315/256 274/319/255
f 276/320/257 273/317/257 275/318/257
f 276/320/257 275/318/257 277/321/257
f 227/322/258 277/321/258 275/318/258
f 227/323/259 275/318/259 274/319/259
f 278/324/260 276/320/260 277/321/260
f 278/324/260 277/321/260 279/325/260
f 227/326/261 279/325/261 277/321/261
f 280/327/262 278/324/262 279/325/262
f 280/327/262 279/325/262 281/328/262
f 227/329/263 281/328/263 279/325/263
f 227/330/264 283/331/264 281/328/264
f 282/332/265 281/328/265 283/331/265
f 282/332/265 280/327/265 281/328/265
f 227/333/266 284/334/266 283/331/266
f 284/334/267 282/332/267 283/331/267
f 227/335/268 285/336/268 284/334/268
f 285/336/269 183/207/269 284/334/269
f 284/334/267 183/207/267 282/332/267
f 227/337/270 286/338/270 285/336/270
f 287/339/271 285/336/272 286/338/272
f 285/336/269 184/208/269 183/207/269
f 287/339/271 184/208/271 285/336/272
f 186/210/157 184/208/157 287/339/157
f 288/340/273 186/210/273 287/339/273
f 289/341/274 288/340/274 287/339/274
f 289/341/274 287/339/274 286/338/274
f 227/342/275 289/341/275 286/338/275
f 227/343/276 290/344/276 289/341/276
f 290/344/277 288/340/278 289/341/277
f 227/345/279 291/346/279 290/344/279
f 221/246/280 290/344/280 291/346/280
f 221/246/280 292/347/280 290/344/280
f 290/344/277 292/347/278 288/340/278
f 221/246/281 293/348/281 292/347/281
f 292/347/282 293/348/282 294/349/282
f 292/347/282 294/349/282 288/340/282
f 288/340/273 294/349/273 186/210/273
f 294/349/283 188/212/283 186/210/283
f 294/349/283 193/217/283 188/212/283
f 293/348/284 193/217/284 294/349/284
f 221/246/281 217/242/281 293/348/281
f 217/242/194 216/240/194 293/348/194
f 293/348/284 216/240/284 193/217/284
f 227/350/285 223/247/285 291/346/285
f 220/245/286 291/346/286 223/247/286
f 220/245/286 221/246/286 291/346/286
f 282/332/287 295/351/287 280/327/287
f 183/207/154 181/206/154 282/332/154
f 282/332/287 181/206/287 295/351/287
f 295/351/288 297/352/288 296/353/288
f 295/351/289 296/353/289 278/324/289
f 295/351/289 278/324/289 280/327/289
f 181/206/153 180/204/153 295/351/153
f 295/351/288 180/204/288 297/352/288
f 296/353/290 297/352/290 300/354/290
f 298/355/291 297/352/291 180/204/291
f 298/355/291 299/356/291 297/352/291
f 299/356/292 300/354/292 297/352/292
f 303/357/293 301/358/293 300/354/293
f 302/359/294 300/354/294 301/358/294
f 296/353/290 300/354/290 302/359/290
f 299/356/292 303/357/292 300/354/292
f 303/357/295 304/360/295 305/361/295
f 299/356/296 304/360/296 303/357/296
f 303/357/295 305/361/295 306/362/295
f 303/357/293 306/362/293 301/358/293
f 306/362/297 307/363/297 308/364/297
f 306/362/298 309/365/298 307/363/298
f 306/362/297 308/364/297 301/358/297
f 306/362/298 305/361/298 309/365/298
f 95/111/299 309/365/299 305/361/299
f 95/111/299 310/366/299 309/365/299
f 310/366/300 311/367/300 309/365/300
f 307/363/301 309/365/301 311/367/301
f 310/366/300 312/368/300 311/367/300
f 312/368/302 313/369/302 311/367/302
f 314/370/303 311/367/303 313/369/303
f 307/363/301 311/367/301 314/370/301
f 314/370/304 315/371/304 316/372/304
f 314/370/304 317/373/304 315/371/304
f 314/370/303 313/369/303 317/373/303
f 307/363/305 314/370/305 316/372/305
f 317/373/306 318/374/306 315/371/306
f 317/373/306 57/64/306 318/374/306
f 317/373/307 59/68/307 57/64/307
f 317/373/307 313/369/307 59/68/307
f 267/311/308 315/371/308 318/374/308
f 267/311/308 318/374/308 261/299/308
f 57/64/43 54/66/43 318/374/43
f 261/299/309 318/374/309 54/66/309
f 268/312/310 316/372/310 315/371/310
f 270/314/311 316/372/311 268/312/311
f 270/314/311 308/364/311 316/372/311
f 307/363/305 316/372/305 308/364/305
f 268/312/310 315/371/310 267/311/310
f 312/368/302 319/375/302 313/369/302
f 319/375/312 59/68/312 313/369/312
f 319/375/312 60/69/312 59/68/312
f 321/376/313 60/69/313 319/375/313
f 320/377/314 319/375/314 312/368/314
f 320/377/314 321/376/315 319/375/314
f 321/376/316 322/378/316 66/79/316
f 321/376/316 66/79/316 62/73/316
f 320/377/317 322/378/317 321/376/318
f 321/376/313 62/73/313 60/69/313
f 322/378/319 69/82/319 66/79/319
f 320/377/317 86/102/317 322/378/317
f 86/102/66 81/98/66 322/378/66
f 322/378/319 81/98/319 69/82/319
f 323/379/320 86/102/320 320/377/320
f 323/379/321 320/377/321 312/368/321
f 323/379/320 87/103/320 86/102/320
f 93/109/71 87/103/71 323/379/71
f 93/109/322 323/379/322 310/366/322
f 323/379/321 312/368/321 310/366/321
f 93/109/322 310/366/322 95/111/322
f 272/316/323 308/364/323 270/314/323
f 272/316/323 301/358/323 308/364/323
f 96/112/324 305/361/324 304/360/324
f 96/112/324 95/111/324 305/361/324
f 98/114/325 304/360/325 324/380/325
f 299/356/296 324/380/296 304/360/296
f 98/114/325 96/112/325 304/360/325
f 325/381/326 98/114/326 324/380/326
f 325/381/326 324/380/326 326/382/326
f 298/355/327 326/382/327 324/380/327
f 298/355/327 324/380/327 299/356/327
f 177/201/328 326/382/328 298/355/328
f 177/201/328 175/200/328 326/382/328
f 327/383/329 325/381/329 326/382/329
f 327/383/329 326/382/329 175/200/329
f 166/189/330 328/384/330 327/383/330
f 166/189/330 327/383/330 169/194/331
f 169/194/146 327/383/146 175/200/146
f 328/384/332 325/381/332 327/383/333
f 328/384/332 99/115/332 325/381/332
f 328/384/334 101/117/334 99/115/334
f 166/189/138 165/190/138 328/384/335
f 328/384/334 165/190/336 101/117/334
f 99/115/78 98/114/78 325/381/337
f 302/359/338 272/316/338 273/317/339
f 302/359/294 301/358/294 272/316/294
f 302/359/338 273/317/339 276/320/339
f 278/324/340 296/353/340 302/359/340
f 278/324/340 302/359/340 276/320/340
f 177/201/151 298/355/151 180/204/151
f 227/385/341 274/319/341 265/309/341
f 267/311/249 261/299/249 262/302/249
f 261/299/309 54/66/309 53/300/309
f 51/57/342 256/295/342 257/294/342
f 53/59/240 51/57/240 257/294/240
f 51/57/342 50/56/342 256/295/342
f 50/56/343 253/289/344 256/295/344
f 329/386/345 251/284/345 253/289/345
f 50/56/343 329/386/343 253/289/344
f 329/386/345 250/283/345 251/284/345
f 329/386/346 330/387/346 250/283/346
f 329/386/346 48/55/346 330/387/346
f 50/56/38 48/55/38 329/386/38
f 250/283/347 330/387/347 332/388/347
f 45/51/348 330/387/348 48/55/348
f 45/51/348 331/389/348 330/387/348
f 331/389/349 332/388/349 330/387/349
f 334/390/350 333/391/350 332/388/350
f 249/282/351 332/388/351 333/391/351
f 250/283/347 332/388/347 249/282/347
f 331/389/349 334/390/349 332/388/349
f 334/390/352 335/392/352 336/393/352
f 334/390/352 337/394/352 335/392/352
f 334/390/350 336/393/350 333/391/350
f 331/389/353 337/394/353 334/390/353
f 331/389/353 44/50/353 337/394/353
f 36/41/354 337/394/354 44/50/354
f 36/41/354 338/395/354 337/394/354
f 338/395/355 335/392/355 337/394/355
f 33/39/356 338/395/356 36/41/356
f 338/395/355 339/396/355 335/392/355
f 340/397/357 339/396/357 338/395/357
f 33/39/356 340/397/356 338/395/356
f 340/397/358 32/38/358 341/398/358
f 340/397/358 341/398/358 342/399/359
f 340/397/357 342/399/360 339/396/357
f 33/39/23 32/38/23 340/397/23
f 342/399/361 341/398/361 345/400/361
f 342/399/362 343/401/362 344/402/362
f 342/399/361 345/400/361 343/401/361
f 342/399/362 344/402/362 339/396/362
f 341/398/363 346/403/363 345/400/363
f 345/400/364 346/403/364 347/404/364
f 345/400/364 347/404/364 348/405/364
f 343/401/365 345/400/365 348/405/365
f 348/405/366 349/406/366 350/407/366
f 348/405/367 352/408/367 349/406/367
f 348/405/366 350/407/366 351/409/368
f 343/401/365 348/405/365 351/409/369
f 348/405/367 347/404/367 352/408/367
f 347/404/370 353/410/370 352/408/370
f 353/410/371 354/411/371 352/408/371
f 349/406/372 352/408/372 354/411/372
f 353/410/371 355/412/371 354/411/371
f 355/412/373 356/413/373 354/411/373
f 357/414/374 354/411/374 356/413/374
f 349/406/372 354/411/372 357/414/372
f 357/414/374 356/413/374 359/415/374
f 349/406/375 357/414/375 358/416/375
f 358/416/376 357/414/376 359/415/376
f 359/415/377 356/413/377 362/417/377
f 358/416/376 359/415/376 360/418/376
f 360/418/378 359/415/378 361/419/378
f 359/415/377 362/417/377 361/419/377
f 363/420/379 365/421/379 362/417/379
f 364/422/380 363/420/380 362/417/380
f 364/422/380 362/417/380 356/413/380
f 361/419/381 362/417/381 365/421/381
f 363/420/379 367/423/379 365/421/379
f 368/424/382 365/421/382 366/425/382
f 367/423/383 366/425/383 365/421/383
f 361/419/381 365/421/381 368/424/381
f 371/426/384 368/424/384 369/427/384
f 369/427/385 368/424/385 370/428/385
f 368/424/382 366/425/382 370/428/382
f 371/426/384 361/419/384 368/424/384
f 371/426/386 373/429/386 372/430/386
f 360/418/387 371/426/388 372/430/387
f 371/426/386 369/427/386 373/429/386
f 360/418/378 361/419/378 371/426/389
f 369/427/390 374/431/390 373/429/390
f 373/429/391 374/431/391 376/432/391
f 372/430/392 373/429/392 375/433/392
f 373/429/391 376/432/391 375/433/391
f 379/434/393 375/433/393 376/432/393
f 379/434/393 376/432/393 377/435/393
f 377/435/394 376/432/394 378/436/394
f 374/431/395 378/436/395 376/432/395
f 379/434/396 380/437/396 381/438/396
f 379/434/396 377/435/396 380/437/396
f 382/439/397 379/434/397 381/438/397
f 382/439/398 375/433/398 379/434/398
f 384/440/399 383/441/399 382/439/399
f 382/439/398 383/441/398 375/433/398
f 384/440/400 382/439/400 385/442/400
f 382/439/397 381/438/397 385/442/397
f 233/261/401 385/442/401 381/438/401
f 236/263/402 385/442/402 233/261/402
f 236/263/402 386/443/402 385/442/402
f 384/440/400 385/442/400 386/443/400
f 387/444/403 384/440/403 386/443/403
f 387/444/403 386/443/403 389/445/403
f 388/446/404 386/443/404 236/263/404
f 388/446/404 389/445/404 386/443/404
f 391/447/405 387/444/405 389/445/405
f 390/448/406 389/445/406 388/446/406
f 390/448/406 391/447/406 389/445/406
f 392/449/407 391/447/407 394/450/407
f 392/449/407 393/451/407 391/447/407
f 391/447/405 393/451/405 387/444/405
f 394/450/408 391/447/408 390/448/408
f 394/450/408 390/448/408 395/452/408
f 396/453/409 394/450/409 395/452/409
f 396/453/409 397/454/409 394/450/409
f 398/455/410 394/450/410 397/454/410
f 398/455/410 392/449/410 394/450/410
f 336/393/411 398/455/411 397/454/411
f 336/393/412 399/456/412 398/455/412
f 399/456/413 392/449/413 398/455/413
f 336/393/412 335/392/412 399/456/412
f 339/396/414 399/456/414 335/392/414
f 339/396/414 344/402/414 399/456/414
f 344/402/415 400/457/415 399/456/415
f 399/456/413 400/457/413 392/449/413
f 344/402/415 402/458/415 400/457/415
f 400/457/416 393/451/416 392/449/416
f 400/457/416 401/459/416 393/451/416
f 402/458/417 401/459/417 400/457/417
f 402/458/418 351/409/419 350/407/418
f 402/458/418 350/407/418 403/460/418
f 402/458/417 403/460/417 401/459/417
f 343/401/420 402/458/420 344/402/420
f 343/401/420 351/409/421 402/458/420
f 350/407/422 405/461/422 403/460/422
f 403/460/423 404/462/423 401/459/423
f 403/460/423 405/461/423 404/462/423
f 350/407/422 358/416/422 405/461/422
f 358/416/424 406/463/424 405/461/424
f 405/461/425 406/463/425 407/464/425
f 405/461/425 407/464/425 404/462/425
f 406/463/426 383/441/426 407/464/426
f 384/440/399 407/464/399 383/441/399
f 387/444/427 407/464/427 384/440/427
f 387/444/427 404/462/427 407/464/427
f 406/463/426 372/430/426 383/441/426
f 360/418/387 372/430/387 406/463/387
f 358/416/424 360/418/424 406/463/424
f 393/451/428 404/462/428 387/444/429
f 393/451/428 401/459/428 404/462/428
f 408/465/430 333/391/430 397/454/430
f 408/465/430 397/454/430 396/453/430
f 336/393/411 397/454/411 333/391/411
f 408/465/431 243/275/431 247/281/431
f 408/465/431 396/453/431 243/275/431
f 249/282/351 333/391/351 408/465/351
f 249/282/227 408/465/227 247/281/227
f 396/453/432 241/270/432 243/275/432
f 396/453/432 395/452/432 241/270/432
f 395/452/433 239/266/433 241/270/433
f 395/452/433 390/448/433 239/266/433
f 239/266/434 390/448/434 388/446/434
f 237/264/212 388/446/435 236/263/212
f 239/266/434 388/446/434 237/264/434
f 372/430/392 375/433/392 383/441/392
f 233/261/401 381/438/401 409/466/401
f 409/466/436 381/438/436 380/437/436
f 231/259/437 409/466/438 224/249/438
f 409/466/436 380/437/436 224/249/436
f 233/261/209 409/466/209 231/259/209
f 224/249/439 380/437/439 410/467/439
f 377/435/440 410/467/440 380/437/440
f 224/249/439 410/467/439 219/244/439
f 219/244/196 410/467/196 214/239/196
f 213/238/190 214/239/190 410/467/190
f 377/435/440 213/238/440 410/467/440
f 374/431/395 411/468/395 378/436/395
f 411/468/441 210/234/441 378/436/441
f 213/238/191 378/436/191 210/234/191
f 377/435/394 378/436/394 213/238/442
f 206/230/180 207/231/180 411/468/180
f 412/469/443 206/230/443 411/468/443
f 412/469/443 411/468/443 374/431/443
f 411/468/441 207/231/441 210/234/441
f 412/469/444 370/428/444 413/470/444
f 412/469/444 413/470/444 206/230/444
f 369/427/385 370/428/385 412/469/445
f 369/427/390 412/469/446 374/431/390
f 206/230/178 413/470/178 204/227/178
f 370/428/447 414/471/447 413/470/447
f 413/470/448 414/471/448 415/472/448
f 413/470/448 415/472/448 204/227/448
f 416/473/449 203/228/449 415/472/449
f 417/474/450 416/473/450 415/472/450
f 417/474/450 415/472/450 414/471/450
f 204/227/174 415/472/174 203/228/174
f 417/474/451 418/475/451 416/473/451
f 417/474/451 420/476/451 418/475/451
f 419/477/452 420/476/452 417/474/452
f 419/477/453 417/474/453 414/471/453
f 419/477/452 421/478/452 420/476/452
f 422/479/454 418/475/454 420/476/454
f 423/480/455 420/476/455 421/478/455
f 423/480/455 422/479/455 420/476/455
f 423/480/456 424/481/457 422/479/456
f 427/482/458 423/480/458 421/478/458
f 423/480/456 425/483/457 424/481/457
f 426/484/459 425/483/459 423/480/459
f 426/484/459 423/480/459 427/482/459
f 428/485/460 426/484/460 427/482/460
f 428/485/461 427/482/461 429/486/461
f 427/482/458 421/478/458 429/486/458
f 428/485/461 429/486/461 430/487/461
f 367/423/462 429/486/462 421/478/462
f 363/420/463 430/487/463 429/486/463
f 363/420/463 429/486/463 367/423/463
f 431/488/464 428/485/464 430/487/464
f 431/488/464 430/487/464 432/489/464
f 364/422/465 430/487/465 363/420/465
f 364/422/465 432/489/465 430/487/465
f 433/490/466 432/489/466 364/422/466
f 434/491/467 432/489/467 433/490/467
f 434/491/467 431/488/467 432/489/467
f 12/19/468 434/491/468 11/18/468
f 11/18/469 434/491/469 433/490/469
f 12/19/468 435/492/468 434/491/468
f 435/492/470 431/488/470 434/491/471
f 436/493/472 435/492/472 12/19/472
f 436/493/472 437/494/472 435/492/472
f 437/494/473 438/495/474 435/492/474
f 435/492/470 438/495/470 431/488/470
f 440/496/475 439/497/475 438/495/475
f 438/495/476 439/497/476 428/485/476
f 438/495/476 428/485/476 431/488/476
f 437/494/473 440/496/473 438/495/474
f 440/496/477 124/498/477 441/499/477
f 437/494/478 124/500/478 440/496/478
f 440/496/475 441/499/475 439/497/475
f 441/499/479 124/501/479 442/502/479
f 439/497/480 441/499/480 442/502/480
f 442/502/481 124/503/481 443/504/481
f 442/502/482 443/504/482 425/483/483
f 439/497/480 442/502/480 426/484/480
f 442/502/482 425/483/483 426/484/483
f 443/504/484 124/505/484 444/506/484
f 443/504/485 444/506/485 424/481/485
f 443/504/485 424/481/485 425/483/485
f 444/506/486 124/507/486 445/508/486
f 444/506/487 445/508/487 446/509/487
f 444/506/487 446/509/487 424/481/487
f 424/481/488 446/509/488 447/510/488
f 447/510/489 446/509/489 142/166/489
f 446/509/490 445/508/490 141/165/490
f 446/509/490 141/165/490 142/166/490
f 424/481/488 447/510/488 422/479/488
f 422/479/454 447/510/454 418/475/454
f 447/510/491 147/172/491 418/475/491
f 447/510/491 144/169/491 147/172/491
f 447/510/489 142/166/489 144/169/489
f 445/508/492 124/511/492 141/165/492
f 428/485/460 439/497/460 426/484/460
f 436/493/493 124/512/493 437/494/493
f 448/513/494 124/514/494 436/493/494
f 13/20/495 448/513/495 436/493/495
f 13/20/495 436/493/495 12/19/495
f 449/515/496 124/516/496 448/513/496
f 449/515/497 448/513/497 13/20/497
f 450/517/498 124/518/498 449/515/498
f 450/517/499 449/515/499 451/519/499
f 449/515/497 13/20/497 451/519/497
f 16/23/500 452/520/500 451/519/500
f 16/23/500 451/519/500 14/21/500
f 450/517/499 451/519/499 452/520/499
f 14/21/10 451/519/10 13/20/10
f 21/27/501 452/520/501 16/23/501
f 453/521/502 450/517/502 452/520/502
f 21/27/501 453/521/501 452/520/501
f 454/522/503 455/523/503 453/521/503
f 454/522/503 453/521/503 456/524/503
f 453/521/502 455/523/504 450/517/502
f 23/29/505 453/521/505 21/27/505
f 23/29/505 456/524/505 453/521/505
f 459/525/506 454/522/506 456/524/506
f 457/526/507 456/524/507 23/29/507
f 457/526/507 458/527/507 456/524/507
f 459/525/506 456/524/506 458/527/506
f 459/525/508 124/528/508 454/522/508
f 460/529/509 124/530/509 459/525/509
f 460/529/510 459/525/510 458/527/511
f 461/531/512 124/532/512 460/529/512
f 462/533/513 461/531/513 460/529/513
f 462/533/513 460/529/513 463/534/514
f 460/529/510 458/527/511 463/534/511
f 464/535/515 462/533/515 463/534/515
f 464/535/515 463/534/515 465/536/515
f 465/536/516 463/534/517 458/527/517
f 465/536/518 457/526/518 466/537/518
f 465/536/516 458/527/517 457/526/516
f 465/536/518 466/537/518 467/538/518
f 464/535/519 465/536/519 467/538/519
f 464/535/519 467/538/519 73/87/519
f 72/86/520 73/87/520 467/538/520
f 72/86/520 467/538/520 468/539/520
f 468/539/521 467/538/521 466/537/521
f 72/86/522 468/539/522 469/540/522
f 468/539/523 30/37/523 469/540/523
f 468/539/523 27/34/523 30/37/523
f 468/539/521 466/537/521 27/34/521
f 64/75/524 67/78/524 469/540/524
f 72/86/522 469/540/522 67/78/522
f 64/75/524 469/540/524 38/44/524
f 38/44/525 469/540/525 30/37/525
f 27/34/19 466/537/19 24/30/19
f 457/526/526 24/30/526 466/537/526
f 75/90/527 462/533/527 464/535/527
f 75/90/57 464/535/57 73/87/57
f 75/90/527 470/541/527 462/533/527
f 470/541/528 461/531/528 462/533/528
f 471/542/529 472/543/529 470/544/529
f 471/542/529 470/544/529 473/545/529
f 470/541/528 472/546/528 461/531/528
f 76/91/530 470/544/530 75/92/530
f 76/91/530 473/545/530 470/544/530
f 78/94/531 473/545/532 76/91/531
f 78/94/531 474/547/532 473/545/532
f 475/548/533 473/545/533 474/547/533
f 475/548/533 471/542/533 473/545/533
f 475/548/534 124/549/534 471/542/534
f 476/550/535 124/551/535 475/548/535
f 476/550/536 475/548/536 474/547/537
f 479/552/538 477/553/538 476/550/538
f 477/553/539 124/554/539 476/550/539
f 479/552/538 476/550/538 478/555/538
f 476/550/536 474/547/537 478/555/537
f 120/136/540 479/552/540 480/556/540
f 480/556/541 479/552/541 478/555/541
f 120/136/540 122/139/540 479/552/540
f 125/141/542 479/552/542 122/139/542
f 125/141/542 477/553/542 479/552/542
f 120/136/543 480/556/543 481/557/543
f 480/556/544 83/100/544 481/557/544
f 480/556/544 482/558/544 83/100/544
f 480/556/541 478/555/541 482/558/541
f 478/555/545 78/94/545 482/558/546
f 482/558/547 78/94/547 79/95/547
f 482/558/547 79/95/547 83/100/547
f 120/136/543 481/557/543 119/135/543
f 84/99/64 481/557/64 83/100/64
f 90/105/548 481/557/548 84/99/548
f 90/105/548 119/135/548 481/557/548
f 478/555/545 474/547/545 78/94/545
f 125/141/549 124/559/549 477/553/549
f 472/546/550 124/560/550 461/531/550
f 471/542/551 124/561/551 472/543/551
f 457/526/526 23/29/526 24/30/526
f 454/522/552 124/562/552 455/523/552
f 455/523/553 124/563/553 450/517/553
f 11/18/469 433/490/469 483/564/469
f 433/490/466 364/422/466 355/412/466
f 483/564/554 433/490/554 355/412/554
f 10/17/8 11/18/8 483/564/8
f 483/564/554 355/412/554 353/410/554
f 10/17/555 483/564/555 353/410/555
f 367/423/462 421/478/462 419/477/462
f 367/423/383 419/477/383 366/425/383
f 419/477/453 414/471/453 366/425/453
f 416/473/556 418/475/556 147/172/556
f 416/473/449 148/171/449 203/228/449
f 416/473/556 147/172/556 148/171/556
f 370/428/447 366/425/447 414/471/447
f 355/412/373 364/422/373 356/413/373
f 349/406/375 358/416/375 350/407/375
f 10/17/555 353/410/555 484/565/555
f 347/404/370 484/565/370 353/410/370
f 17/22/11 10/17/11 484/565/11
f 346/403/557 484/565/557 347/404/557
f 346/403/557 17/22/557 484/565/557
f 18/25/558 17/22/558 346/403/558
f 18/25/558 346/403/558 485/566/558
f 341/398/363 485/566/363 346/403/363
f 20/26/559 18/25/559 485/566/559
f 20/26/559 485/566/559 26/32/559
f 32/38/560 485/566/560 341/398/560
f 32/38/560 26/32/560 485/566/560
f 45/51/33 44/50/33 331/389/33
f 227/567/561 234/262/561 230/257/561
f 231/259/437 224/249/438 225/250/437
f 211/236/192 192/218/192 216/240/192
f 192/218/164 193/217/164 216/240/164
f 211/236/188 195/219/188 192/218/562
f 148/171/128 151/175/128 203/228/128
f 198/222/167 168/192/167 172/197/167
f 198/222/563 157/181/563 168/192/563
f 198/222/563 156/180/563 157/181/563
f 172/197/144 171/196/144 190/214/144
f 168/192/140 157/181/140 159/183/140
f 165/190/564 104/120/564 101/117/564
f 165/190/564 163/188/564 104/120/564
f 108/124/88 104/120/88 163/188/88
f 162/187/136 108/124/136 163/188/136
f 160/185/565 486/568/565 162/187/565
f 162/187/566 486/568/566 111/128/566
f 162/187/566 111/128/566 108/124/566
f 487/569/567 488/570/567 486/568/567
f 487/569/567 486/568/567 489/571/567
f 488/570/568 111/128/568 486/568/568
f 160/185/565 489/571/565 486/568/565
f 153/177/569 489/571/569 160/185/569
f 153/177/569 154/179/569 489/571/569
f 138/162/570 489/571/570 154/179/570
f 138/162/570 487/569/570 489/571/570
f 133/155/571 488/570/571 487/569/571
f 130/151/572 110/126/572 488/570/572
f 133/155/571 130/151/571 488/570/571
f 488/570/568 110/126/568 111/128/568
f 138/162/573 133/155/573 487/569/573
f 139/163/574 138/162/574 154/179/574
f 139/163/574 154/179/574 145/168/574
f 141/165/575 124/572/575 136/159/575
f 138/162/573 132/153/573 133/155/573
f 130/151/572 115/132/572 110/126/572
f 490/573/576 117/133/576 119/135/576
f 490/573/576 119/135/576 90/105/576
f 490/573/577 89/106/577 102/119/577
f 105/122/86 490/573/86 102/119/86
f 105/122/578 117/133/578 490/573/578
f 490/573/577 90/105/577 89/106/577
f 105/122/578 107/123/578 117/133/578
f 92/108/70 102/119/70 89/106/70
f 39/46/28 64/75/28 38/44/28
f 41/47/30 42/48/30 56/62/30
f 47/53/36 56/62/36 42/48/36
f 35/42/32 36/41/32 44/50/32
f 38/44/525 30/37/525 29/35/525
f 495/574/579 491/575/579 492/576/579
f 492/577/4 491/578/4 493/579/4
f 494/580/580 493/581/580 491/582/580
f 495/574/579 494/583/579 491/575/579
f 498/584/2 494/585/2 495/586/2
f 496/587/581 495/574/581 492/576/581
f 496/587/581 497/588/581 495/574/581
f 497/589/2 498/584/2 495/586/2
f 498/590/582 499/591/582 500/592/582
f 499/593/2 498/584/2 497/589/2
f 498/590/582 500/592/582 493/581/582
f 494/580/580 498/590/580 493/581/580
f 500/594/4 501/595/4 496/596/4
f 492/577/4 500/594/4 496/596/4
f 493/579/4 500/594/4 492/577/4
f 499/591/583 501/597/583 500/592/583
f 502/598/4 496/596/4 501/595/4
f 505/599/4 502/598/4 501/595/4
f 499/591/583 503/600/583 501/597/583
f 503/600/584 504/601/584 501/597/584
f 501/595/4 504/602/4 505/599/4
f 507/603/585 505/604/585 506/605/585
f 506/606/4 505/599/4 504/602/4
f 507/603/585 508/607/585 505/604/585
f 508/607/586 502/608/586 505/604/586
f 508/607/586 510/609/586 502/608/586
f 508/610/2 507/611/2 509/612/2
f 509/612/2 503/613/2 508/610/2
f 510/614/2 508/610/2 503/613/2
f 510/609/587 497/588/587 496/587/587
f 510/609/587 496/587/587 502/608/587
f 499/593/2 510/614/2 503/613/2
f 497/589/2 510/614/2 499/593/2
f 509/612/2 507/611/2 511/615/2
f 509/616/588 511/617/588 512/618/588
f 509/616/588 512/618/588 504/601/588
f 503/600/584 509/616/584 504/601/584
f 512/619/4 513/620/4 506/606/4
f 511/617/589 513/621/589 512/618/589
f 504/602/4 512/619/4 506/606/4
f 514/622/590 515/623/590 513/621/590
f 511/617/589 514/622/589 513/621/589
f 506/606/4 513/620/4 516/624/4
f 513/620/4 515/625/4 516/624/4
f 519/626/591 506/605/591 516/627/591
f 517/628/4 516/624/4 515/625/4
f 518/629/592 516/627/592 517/630/592
f 518/629/592 519/626/592 516/627/592
f 519/626/591 507/603/591 506/605/591
f 507/611/2 519/631/2 511/615/2
f 514/632/2 511/615/2 519/631/2
f 520/633/2 514/632/2 519/631/2
f 519/631/2 518/634/2 520/633/2
f 520/635/593 521/636/593 522/637/593
f 521/638/2 520/633/2 518/634/2
f 520/635/593 522/637/593 515/623/593
f 514/622/590 520/635/590 515/623/590
f 515/625/4 522/639/4 523/640/4
f 525/641/4 523/640/4 522/639/4
f 521/636/594 524/642/594 522/637/594
f 522/639/4 524/643/4 525/641/4
f 529/644/595 523/645/595 525/646/595
f 524/643/4 526/647/4 525/641/4
f 525/641/4 526/647/4 527/648/4
f 528/649/596 525/646/596 527/650/596
f 528/649/596 529/644/596 525/646/596
f 529/644/595 532/651/595 523/645/595
f 529/652/2 528/653/2 530/654/2
f 530/654/2 531/655/2 529/652/2
f 532/656/2 529/652/2 531/655/2
f 523/645/597 532/651/597 518/629/597
f 518/634/2 532/656/2 521/638/2
f 531/655/2 521/638/2 532/656/2
f 521/636/594 531/657/594 524/642/594
f 531/657/598 526/658/598 524/642/598
f 531/657/598 530/659/598 526/658/598
f 528/653/2 533/660/2 530/654/2
f 530/654/2 533/660/2 535/661/2
f 530/659/599 535/662/599 534/663/599
f 530/659/599 534/663/599 526/658/599
f 533/660/2 537/664/2 535/661/2
f 535/662/600 536/665/600 534/663/600
f 535/662/600 538/666/600 536/665/600
f 538/667/2 535/661/2 537/664/2
f 537/664/2 539/668/2 538/667/2
f 538/667/2 539/668/2 541/669/2
f 538/666/601 541/670/601 540/671/601
f 538/666/601 540/671/601 536/665/601
f 539/668/2 543/672/2 541/669/2
f 541/670/602 542/673/602 540/671/602
f 541/670/602 544/674/602 542/673/602
f 544/675/2 541/669/2 543/672/2
f 545/676/2 544/675/2 543/672/2
f 544/674/603 545/677/603 546/678/603
f 544/674/603 546/678/603 542/673/603
f 549/679/4 547/680/4 546/681/4
f 542/682/4 546/681/4 547/680/4
f 545/677/604 548/683/604 546/678/604
f 546/681/4 548/684/4 549/679/4
f 550/685/605 551/686/605 549/687/605
f 550/685/605 549/687/605 548/683/605
f 551/686/606 547/688/606 549/687/606
f 551/686/606 543/689/606 547/688/606
f 543/672/2 551/690/2 545/676/2
f 551/690/2 550/691/2 545/676/2
f 545/677/604 550/685/604 548/683/604
f 543/689/607 552/692/607 547/688/607
f 552/693/4 542/682/4 547/680/4
f 543/689/607 539/694/607 552/692/607
f 552/693/4 553/695/4 536/696/4
f 539/694/608 553/697/608 552/692/608
f 540/698/4 542/682/4 552/693/4
f 536/696/4 540/698/4 552/693/4
f 537/699/609 554/700/609 553/697/609
f 553/695/4 554/701/4 534/702/4
f 539/694/608 537/699/608 553/697/608
f 534/702/4 536/696/4 553/695/4
f 533/703/610 527/650/610 554/700/610
f 554/701/4 527/648/4 534/702/4
f 537/699/609 533/703/609 554/700/609
f 526/647/4 534/702/4 527/648/4
f 533/703/610 528/649/610 527/650/610
f 523/640/4 517/628/4 515/625/4
f 523/645/597 518/629/597 517/630/597
f 555/704/611 556/705/611 560/706/611
f 555/704/611 557/707/611 556/705/611
f 555/704/612 558/708/612 557/707/612
f 555/704/612 559/709/612 558/708/612
f 559/709/613 555/704/613 560/706/613
f 559/709/613 560/706/613 562/710/613
f 560/706/614 556/711/614 561/712/614
f 560/706/614 561/712/614 562/710/614
f 562/710/615 561/713/615 558/708/615
f 562/710/615 558/708/615 559/709/615
f 561/712/2 563/714/2 564/715/2
f 561/712/2 556/711/2 563/714/2
f 558/716/616 561/712/616 564/715/616
f 566/717/617 564/715/617 563/714/617
f 558/716/616 564/715/616 565/718/616
f 567/719/618 565/720/618 564/721/618
f 567/719/618 564/721/618 566/717/618
f 568/722/619 565/720/619 567/719/619
f 566/717/620 568/722/620 567/719/620
f 570/723/621 569/724/621 568/722/621
f 568/722/619 569/724/619 565/720/619
f 566/717/620 570/723/620 568/722/620
f 566/717/617 563/714/617 570/723/617
f 570/723/621 563/725/621 569/724/621
f 556/711/1 569/726/1 563/714/1
f 557/727/4 565/718/4 569/728/4
f 556/711/1 557/729/1 569/726/1
f 557/727/4 558/716/4 565/718/4
f 571/730/622 572/731/622 575/732/622
f 571/730/622 573/733/622 572/731/622
f 574/734/623 573/733/623 571/730/623
f 574/734/616 571/730/616 575/732/616
f 574/734/616 575/732/616 577/735/616
f 575/732/624 572/736/624 576/737/624
f 575/732/624 576/737/624 577/735/624
f 577/735/625 576/738/625 578/739/625
f 577/735/625 578/739/625 574/734/625
f 573/740/4 578/741/4 579/742/4
f 578/741/620 580/743/620 579/742/620
f 574/734/623 578/739/623 573/733/623
f 578/741/620 576/737/620 580/743/620
f 576/737/2 581/744/2 580/743/2
f 582/745/626 580/743/626 581/744/626
f 583/746/627 579/747/627 580/748/627
f 583/746/627 580/748/627 582/745/627
f 584/749/628 579/747/628 583/746/628
f 582/745/1 584/749/1 583/746/1
f 586/750/629 585/751/629 584/749/629
f 584/749/628 585/751/628 579/747/628
f 582/745/1 586/750/1 584/749/1
f 582/745/626 581/744/626 586/750/626
f 586/750/629 581/752/629 585/751/629
f 572/736/613 585/753/613 581/744/613
f 573/740/4 579/742/4 585/754/4
f 572/736/613 573/755/613 585/753/613
f 576/737/2 572/736/2 581/744/2
f 587/756/618 588/757/618 591/758/618
f 587/756/618 589/759/618 588/757/618
f 590/760/619 589/759/619 587/756/619
f 590/760/620 587/756/620 591/758/620
f 590/760/620 591/758/620 592/761/620
f 592/761/617 591/758/617 588/762/617
f 592/761/621 594/763/621 593/764/621
f 592/761/621 593/764/621 590/760/621
f 592/761/617 588/762/617 594/765/617
f 594/765/2 588/762/2 595/766/2
f 594/765/2 595/766/2 596/767/2
f 593/768/1 594/765/1 596/767/1
f 598/769/614 596/767/614 595/766/614
f 593/768/1 596/767/1 597/770/1
f 599/771/611 597/772/611 596/773/611
f 599/771/611 596/773/611 598/769/611
f 600/774/612 597/772/612 599/771/612
f 598/769/613 600/774/613 599/771/613
f 598/769/613 601/775/613 600/774/613
f 601/775/615 602/776/615 600/774/615
f 600/774/612 602/776/612 597/772/612
f 601/775/615 595/777/615 602/776/615
f 588/762/616 602/778/616 595/766/616
f 589/779/4 597/770/4 602/780/4
f 588/762/616 589/781/616 602/778/616
f 598/769/614 595/766/614 601/775/614
f 589/779/4 593/768/4 597/770/4
f 590/760/619 593/764/619 589/759/619
f 603/782/630 604/783/630 609/784/630
f 603/782/630 605/785/630 604/783/630
f 606/786/631 605/785/631 603/782/631
f 606/787/620 603/788/620 607/789/620
f 603/788/620 608/790/620 607/789/620
f 603/788/620 609/791/620 608/790/620
f 610/792/632 608/790/632 609/791/632
f 604/783/633 610/792/633 609/784/633
f 604/783/633 611/793/633 610/792/633
f 610/792/2 611/793/2 613/794/2
f 610/792/2 613/794/2 612/795/2
f 610/792/632 612/795/632 608/790/632
f 614/796/634 613/794/634 611/793/634
f 608/797/635 613/794/635 614/798/635
f 608/797/635 612/795/635 613/794/635
f 614/796/634 611/793/634 604/799/634
f 614/796/613 604/799/613 605/800/613
f 614/796/613 605/800/613 615/801/613
f 608/797/636 614/798/636 615/802/636
f 615/801/613 605/800/613 616/803/613
f 608/797/636 615/802/636 607/804/636
f 607/804/637 615/802/637 617/805/637
f 615/801/613 616/803/613 617/806/613
f 607/804/637 617/805/637 620/807/637
f 616/808/638 618/809/638 617/810/638
f 617/810/639 618/809/639 619/811/639
f 617/810/639 619/811/639 620/812/639
f 620/813/640 619/811/640 621/814/640
f 620/813/640 621/814/640 606/787/640
f 606/787/620 607/789/620 620/813/620
f 606/815/641 621/814/641 622/816/641
f 622/816/4 621/814/4 619/811/4
f 606/815/641 622/816/641 616/808/641
f 616/808/638 622/816/638 618/809/638
f 622/816/4 619/811/4 618/809/4
f 606/786/631 616/817/631 605/785/631
f 624/818/4 629/819/4 623/820/4
f 623/820/4 625/821/4 624/818/4
f 626/822/642 625/823/642 623/824/642
f 627/825/643 626/826/643 623/827/643
f 627/825/643 623/827/643 628/828/643
f 628/829/4 623/820/4 629/819/4
f 629/819/4 631/830/4 628/829/4
f 630/831/644 629/832/644 624/833/644
f 630/831/644 632/834/644 629/832/644
f 632/834/645 631/835/645 629/832/645
f 633/836/2 632/837/2 634/838/2
f 632/834/645 633/839/645 631/835/645
f 634/838/2 632/837/2 635/840/2
f 632/837/2 630/841/2 636/842/2
f 636/842/2 635/840/2 632/837/2
f 630/841/2 637/843/2 636/842/2
f 638/844/646 636/845/646 637/846/646
f 638/844/646 639/847/646 636/845/646
f 640/848/647 636/845/647 639/847/647
f 640/848/647 635/849/647 636/845/647
f 642/850/2 640/851/2 641/852/2
f 640/851/2 639/853/2 641/852/2
f 642/854/648 635/849/648 640/848/648
f 641/852/2 643/855/2 642/850/2
f 645/856/2 642/850/2 643/855/2
f 642/854/648 634/857/648 635/849/648
f 642/854/649 644/858/649 634/857/649
f 642/854/649 645/859/649 644/858/649
f 643/855/2 647/860/2 645/856/2
f 646/861/650 644/858/650 645/859/650
f 646/862/2 645/856/2 647/860/2
f 649/863/651 647/864/651 643/865/651
f 647/860/2 648/866/2 646/862/2
f 648/867/652 647/864/652 649/863/652
f 651/868/2 650/869/2 649/870/2
f 648/867/652 649/863/652 650/871/652
f 627/872/2 651/868/2 649/870/2
f 649/863/651 643/865/651 652/873/651
f 627/872/2 649/870/2 652/874/2
f 626/875/2 627/872/2 652/874/2
f 652/874/2 653/876/2 626/875/2
f 643/865/653 653/877/653 652/873/653
f 654/878/2 626/875/2 653/876/2
f 641/879/654 654/880/654 653/881/654
f 643/865/653 641/882/653 653/877/653
f 641/879/654 655/883/654 654/880/654
f 654/880/655 655/883/655 656/884/655
f 658/885/2 626/875/2 654/878/2
f 654/880/655 656/884/655 657/886/655
f 654/878/2 657/887/2 658/885/2
f 658/888/656 659/889/656 660/890/656
f 657/887/2 659/891/2 658/885/2
f 626/822/642 658/888/642 625/823/642
f 658/888/656 660/890/656 625/823/656
f 659/889/657 661/892/657 660/890/657
f 660/893/4 661/894/4 662/895/4
f 625/821/4 660/893/4 662/895/4
f 663/896/658 624/833/658 662/897/658
f 662/895/4 624/818/4 625/821/4
f 664/898/659 663/896/659 662/897/659
f 664/898/659 662/897/659 665/899/659
f 662/895/4 661/894/4 665/900/4
f 668/901/660 664/898/660 665/899/660
f 661/894/4 666/902/4 665/900/4
f 667/903/4 665/900/4 666/902/4
f 668/901/660 665/899/660 667/904/660
f 664/905/2 668/906/2 669/907/2
f 668/906/2 670/908/2 669/907/2
f 671/909/661 668/901/661 667/904/661
f 668/906/2 671/910/2 670/908/2
f 670/908/2 671/910/2 672/911/2
f 671/910/2 673/912/2 672/911/2
f 673/913/662 671/909/662 674/914/662
f 671/909/661 667/904/661 674/914/661
f 675/915/4 674/916/4 676/917/4
f 673/913/662 674/914/662 675/918/662
f 677/919/4 676/917/4 674/916/4
f 667/903/4 677/919/4 674/916/4
f 678/920/663 676/921/663 677/922/663
f 679/923/664 678/920/664 677/922/664
f 679/923/664 677/922/664 666/924/664
f 666/902/4 677/919/4 667/903/4
f 682/925/665 679/923/665 666/924/665
f 678/926/2 679/927/2 681/928/2
f 680/929/2 681/928/2 679/927/2
f 679/927/2 682/930/2 680/929/2
f 682/930/2 659/891/2 683/931/2
f 680/929/2 682/930/2 683/931/2
f 659/889/657 682/925/657 661/892/657
f 682/925/665 666/924/665 661/892/665
f 656/884/666 684/932/666 683/933/666
f 656/884/666 683/933/666 657/886/666
f 659/891/2 657/887/2 683/931/2
f 684/932/667 680/934/667 683/933/667
f 656/935/2 687/936/2 684/937/2
f 684/932/667 686/938/667 680/934/667
f 686/939/2 684/937/2 685/940/2
f 687/936/2 685/940/2 684/937/2
f 638/844/668 688/941/668 687/942/668
f 687/942/669 688/941/669 669/943/669
f 687/942/669 669/943/669 685/944/669
f 638/945/2 687/936/2 656/935/2
f 688/946/2 664/905/2 669/907/2
f 663/947/2 664/905/2 688/946/2
f 638/844/668 637/846/668 688/941/668
f 663/947/2 688/946/2 637/843/2
f 689/948/2 686/939/2 685/940/2
f 689/949/670 680/934/670 686/938/670
f 691/950/2 689/948/2 690/951/2
f 685/940/2 690/951/2 689/948/2
f 691/952/671 681/953/672 689/949/671
f 689/949/670 681/953/670 680/934/670
f 693/954/673 692/955/673 691/952/673
f 691/952/671 692/955/672 681/953/672
f 691/950/2 694/956/2 693/957/2
f 695/958/2 694/956/2 691/950/2
f 690/951/2 695/958/2 691/950/2
f 690/959/674 672/960/675 695/961/674
f 695/961/676 672/960/676 696/962/676
f 695/961/676 696/962/676 694/963/676
f 673/912/2 696/964/2 672/911/2
f 694/963/677 696/962/677 697/965/677
f 698/966/2 697/967/2 696/964/2
f 673/912/2 698/966/2 696/964/2
f 699/968/678 698/969/678 700/970/678
f 698/966/2 699/971/2 697/967/2
f 698/969/679 675/918/679 700/970/679
f 698/969/679 673/913/679 675/918/679
f 699/968/678 700/970/678 702/972/678
f 675/915/4 701/973/4 700/974/4
f 701/973/4 702/975/4 700/974/4
f 703/976/680 699/968/680 702/972/680
f 703/976/680 702/972/680 701/977/680
f 703/978/2 705/979/2 704/980/2
f 703/978/2 704/980/2 697/967/2
f 699/971/2 703/978/2 697/967/2
f 705/981/681 703/976/681 701/977/681
f 704/980/2 705/979/2 692/982/2
f 705/979/2 678/926/2 692/982/2
f 705/981/681 701/977/681 676/921/681
f 678/920/663 705/981/663 676/921/663
f 693/954/673 704/983/673 692/955/673
f 706/984/682 704/983/682 693/954/682
f 706/984/682 697/965/682 704/983/682
f 694/956/2 706/985/2 693/957/2
f 694/963/677 697/965/677 706/984/677
f 676/917/4 701/973/4 675/915/4
f 692/982/2 678/926/2 681/928/2
f 685/944/683 670/986/683 690/959/683
f 690/959/674 670/986/675 672/960/675
f 685/944/683 669/943/683 670/986/683
f 663/896/658 630/831/658 624/833/658
f 630/841/2 663/947/2 637/843/2
f 656/935/2 655/987/2 638/945/2
f 641/852/2 639/853/2 655/987/2
f 639/853/2 638/945/2 655/987/2
f 651/868/2 707/988/2 650/869/2
f 651/989/684 627/825/684 628/828/684
f 651/989/684 628/828/684 708/990/684
f 707/991/685 651/989/685 708/990/685
f 708/992/4 628/829/4 631/830/4
f 707/991/685 708/990/685 709/993/685
f 708/992/4 710/994/4 709/995/4
f 711/996/4 710/994/4 708/992/4
f 631/830/4 711/996/4 708/992/4
f 712/997/686 710/998/686 711/999/686
f 633/839/687 712/997/687 711/999/687
f 633/839/687 711/999/687 631/835/687
f 644/1000/2 712/1001/2 633/836/2
f 714/1002/2 712/1001/2 713/1003/2
f 712/1001/2 644/1000/2 713/1003/2
f 712/997/686 714/1004/686 710/998/686
f 714/1004/688 715/1005/688 710/998/688
f 717/1006/2 714/1002/2 713/1003/2
f 714/1004/688 716/1007/688 715/1005/688
f 716/1008/2 714/1002/2 717/1006/2
f 719/1009/689 718/1010/690 717/1011/690
f 717/1006/2 718/1012/2 716/1008/2
f 719/1009/691 717/1011/691 713/1013/691
f 719/1009/691 713/1013/691 646/861/691
f 719/1014/2 646/862/2 648/866/2
f 648/866/2 720/1015/2 719/1014/2
f 720/1015/2 722/1016/2 719/1014/2
f 719/1009/689 721/1017/689 718/1010/690
f 719/1014/2 722/1016/2 721/1018/2
f 722/1016/2 725/1019/2 721/1018/2
f 722/1020/692 724/1021/693 723/1022/693
f 725/1023/694 722/1020/694 723/1022/694
f 722/1020/692 720/1024/692 724/1021/693
f 725/1023/694 723/1022/694 726/1025/694
f 727/1026/695 725/1023/695 726/1025/695
f 725/1019/2 727/1027/2 728/1028/2
f 728/1028/2 729/1029/2 725/1019/2
f 729/1029/2 721/1018/2 725/1019/2
f 729/1030/696 728/1031/696 730/1032/696
f 729/1030/696 730/1032/696 731/1033/696
f 721/1017/697 729/1030/697 731/1033/697
f 730/1034/2 732/1035/2 731/1036/2
f 732/1035/2 733/1037/2 731/1036/2
f 731/1036/2 733/1037/2 718/1012/2
f 721/1017/697 731/1033/697 718/1010/697
f 733/1038/698 732/1039/698 735/1040/699
f 716/1007/700 733/1038/700 734/1041/700
f 733/1037/2 716/1008/2 718/1012/2
f 733/1038/698 735/1040/699 734/1041/699
f 732/1039/701 736/1042/701 735/1040/701
f 735/1043/4 736/1044/4 737/1045/4
f 737/1045/4 738/1046/4 735/1043/4
f 734/1047/4 735/1043/4 738/1046/4
f 739/1048/4 734/1047/4 738/1046/4
f 740/1049/702 739/1050/702 738/1051/702
f 741/1052/703 740/1049/703 738/1051/703
f 741/1052/703 738/1051/703 737/1053/703
f 740/1054/2 741/1055/2 726/1056/2
f 741/1055/2 742/1057/2 726/1056/2
f 741/1055/2 743/1058/2 742/1057/2
f 743/1059/704 741/1052/704 737/1053/704
f 743/1058/2 745/1060/2 744/1061/2
f 743/1058/2 744/1061/2 742/1057/2
f 745/1062/705 743/1059/705 746/1063/705
f 743/1059/704 737/1053/704 746/1063/704
f 737/1045/4 736/1044/4 746/1064/4
f 736/1044/4 747/1065/4 746/1064/4
f 745/1062/705 746/1063/705 747/1066/705
f 748/1067/706 747/1066/706 736/1042/706
f 748/1067/706 745/1062/706 747/1066/706
f 748/1068/2 732/1035/2 730/1034/2
f 748/1068/2 730/1034/2 744/1061/2
f 745/1060/2 748/1068/2 744/1061/2
f 732/1039/701 748/1067/701 736/1042/701
f 749/1069/707 742/1070/707 744/1071/707
f 728/1031/708 749/1069/708 744/1071/708
f 728/1031/708 744/1071/708 730/1032/708
f 727/1027/2 749/1072/2 728/1028/2
f 749/1069/707 727/1026/707 742/1070/707
f 727/1026/695 726/1025/695 742/1070/695
f 750/1073/2 740/1054/2 723/1074/2
f 740/1049/702 750/1075/702 739/1050/702
f 723/1074/2 740/1054/2 726/1056/2
f 750/1073/2 723/1074/2 724/1076/2
f 707/988/2 750/1073/2 724/1076/2
f 750/1075/709 707/991/709 709/993/709
f 750/1075/709 709/993/709 739/1050/709
f 739/1048/4 709/995/4 715/1077/4
f 715/1077/4 734/1047/4 739/1048/4
f 716/1007/700 734/1041/700 715/1005/700
f 720/1024/710 650/871/710 724/1021/710
f 650/869/2 707/988/2 724/1076/2
f 720/1024/710 648/867/710 650/871/710
f 710/994/4 715/1077/4 709/995/4
f 646/861/650 713/1013/650 644/858/650
f 634/838/2 644/1000/2 633/836/2
f 752/1078/4 757/1079/4 751/1080/4
f 751/1080/4 753/1081/4 752/1078/4
f 754/1082/642 753/1083/642 751/1084/642
f 755/1085/643 754/1086/643 751/1087/643
f 755/1085/643 751/1087/643 756/1088/643
f 756/1089/4 751/1080/4 757/1079/4
f 757/1079/4 760/1090/4 756/1089/4
f 758/1091/644 757/1092/644 752/1093/644
f 758/1091/644 759/1094/644 757/1092/644
f 759/1094/645 760/1095/645 757/1092/645
f 763/1096/4 756/1089/4 760/1090/4
f 759/1094/645 761/1097/645 760/1095/645
f 761/1097/687 762/1098/687 760/1095/687
f 760/1090/4 762/1099/4 763/1096/4
f 762/1099/4 765/1100/4 763/1096/4
f 767/1101/684 756/1088/684 763/1102/684
f 766/1103/685 763/1102/685 764/1104/685
f 763/1096/4 765/1100/4 764/1105/4
f 766/1103/685 767/1101/685 763/1102/685
f 767/1101/684 755/1085/684 756/1088/684
f 755/1106/2 767/1107/2 768/1108/2
f 767/1107/2 766/1109/2 769/1110/2
f 767/1107/2 769/1110/2 768/1108/2
f 770/1111/711 768/1112/711 769/1113/711
f 771/1114/712 770/1111/712 769/1113/712
f 771/1114/712 769/1113/712 772/1115/712
f 769/1110/2 766/1109/2 772/1116/2
f 773/1117/713 772/1115/713 775/1118/713
f 773/1117/713 771/1114/713 772/1115/713
f 766/1109/2 774/1119/2 772/1116/2
f 774/1119/2 775/1120/2 772/1116/2
f 777/1121/714 773/1117/714 775/1118/714
f 774/1119/2 776/1122/2 775/1120/2
f 778/1123/2 775/1120/2 776/1122/2
f 777/1121/714 775/1118/714 778/1124/714
f 779/1125/715 778/1124/715 780/1126/715
f 779/1125/715 777/1121/715 778/1124/715
f 778/1123/2 781/1127/2 780/1128/2
f 776/1122/2 781/1127/2 778/1123/2
f 781/1129/703 776/1130/703 783/1131/703
f 781/1129/703 783/1131/703 782/1132/703
f 784/1133/704 781/1129/704 782/1132/704
f 781/1127/2 784/1134/2 780/1128/2
f 784/1134/2 785/1135/2 780/1128/2
f 784/1134/2 786/1136/2 785/1135/2
f 786/1137/705 784/1133/705 787/1138/705
f 784/1133/704 782/1132/704 787/1138/704
f 787/1139/4 782/1140/4 788/1141/4
f 788/1141/4 789/1142/4 787/1139/4
f 789/1142/4 790/1143/4 787/1139/4
f 786/1137/705 787/1138/705 790/1144/705
f 791/1145/706 786/1137/706 790/1144/706
f 791/1145/706 790/1144/706 789/1146/706
f 786/1136/2 791/1147/2 785/1135/2
f 793/1148/2 785/1135/2 791/1147/2
f 792/1149/701 791/1145/701 789/1146/701
f 791/1147/2 792/1150/2 793/1148/2
f 794/1151/716 785/1152/716 793/1153/716
f 796/1154/2 793/1148/2 792/1150/2
f 795/1155/717 794/1151/717 793/1153/717
f 795/1155/717 793/1153/717 796/1156/717
f 798/1157/718 795/1155/718 796/1156/718
f 792/1150/2 797/1158/2 796/1154/2
f 796/1154/2 797/1158/2 799/1159/2
f 798/1157/718 796/1156/718 799/1160/718
f 802/1161/2 800/1162/2 799/1159/2
f 801/1163/719 799/1160/719 800/1164/719
f 801/1163/719 798/1157/719 799/1160/719
f 797/1158/2 802/1161/2 799/1159/2
f 802/1165/700 797/1166/700 805/1167/700
f 802/1161/2 803/1168/2 800/1162/2
f 803/1169/688 802/1165/688 804/1170/688
f 802/1165/700 805/1167/700 804/1170/700
f 804/1171/4 805/1172/4 806/1173/4
f 806/1173/4 805/1172/4 783/1174/4
f 805/1172/4 788/1141/4 783/1174/4
f 797/1166/698 788/1175/698 805/1167/698
f 806/1173/4 764/1105/4 804/1171/4
f 774/1176/709 764/1104/709 806/1177/709
f 776/1130/702 774/1176/702 806/1177/702
f 776/1130/702 806/1177/702 783/1131/702
f 765/1100/4 804/1171/4 764/1105/4
f 803/1169/688 804/1170/688 765/1178/688
f 807/1179/686 803/1169/686 765/1178/686
f 803/1168/2 807/1180/2 808/1181/2
f 800/1162/2 803/1168/2 808/1181/2
f 807/1180/2 809/1182/2 808/1181/2
f 810/1183/720 808/1184/720 809/1185/720
f 801/1163/721 808/1184/721 810/1183/721
f 801/1163/721 800/1164/721 808/1184/721
f 810/1183/720 809/1185/720 812/1186/720
f 801/1187/2 810/1188/2 770/1189/2
f 811/1190/2 770/1189/2 810/1188/2
f 810/1188/2 812/1191/2 811/1190/2
f 812/1191/2 815/1192/2 813/1193/2
f 813/1193/2 811/1190/2 812/1191/2
f 812/1186/722 809/1185/722 814/1194/722
f 812/1186/722 814/1194/722 815/1195/722
f 818/1196/2 813/1193/2 815/1192/2
f 815/1195/723 817/1197/723 816/1198/723
f 815/1192/2 816/1199/2 818/1196/2
f 815/1195/723 814/1194/723 817/1197/723
f 818/1196/2 822/1200/2 819/1201/2
f 818/1202/724 819/1203/724 820/1204/724
f 818/1202/724 820/1204/724 821/1205/724
f 813/1206/725 818/1207/725 821/1208/725
f 816/1199/2 822/1200/2 818/1196/2
f 822/1209/726 825/1210/726 823/1211/726
f 822/1209/726 823/1211/726 824/1212/726
f 822/1200/2 824/1213/2 819/1201/2
f 816/1198/727 825/1210/727 822/1209/727
f 758/1214/2 823/1215/2 825/1216/2
f 816/1198/727 817/1197/727 825/1210/727
f 825/1216/2 817/1217/2 759/1218/2
f 759/1218/2 758/1214/2 825/1216/2
f 824/1212/728 823/1211/728 826/1219/728
f 824/1212/728 826/1219/728 827/1220/728
f 824/1213/2 827/1221/2 828/1222/2
f 828/1222/2 819/1201/2 824/1213/2
f 819/1203/729 828/1223/729 829/1224/729
f 828/1223/730 830/1225/730 829/1224/730
f 828/1223/730 831/1226/730 830/1225/730
f 828/1222/2 827/1221/2 831/1227/2
f 830/1225/731 831/1226/731 832/1228/731
f 832/1229/2 831/1227/2 833/1230/2
f 827/1221/2 833/1230/2 831/1227/2
f 833/1231/732 827/1220/732 826/1219/732
f 833/1231/732 826/1219/732 834/1232/732
f 833/1231/733 834/1232/733 837/1233/733
f 835/1234/2 832/1229/2 833/1230/2
f 833/1230/2 836/1235/2 835/1234/2
f 833/1231/733 837/1233/733 836/1236/733
f 834/1237/2 840/1238/2 837/1239/2
f 836/1236/734 837/1233/734 838/1240/734
f 837/1239/2 839/1241/2 838/1242/2
f 840/1238/2 839/1241/2 837/1239/2
f 841/1243/2 840/1238/2 834/1237/2
f 840/1244/660 841/1245/660 842/1246/660
f 840/1244/660 842/1246/660 843/1247/660
f 839/1248/661 840/1244/661 843/1247/661
f 839/1248/661 843/1247/661 844/1249/661
f 843/1250/4 845/1251/4 844/1252/4
f 846/1253/4 845/1251/4 843/1250/4
f 843/1250/4 842/1254/4 846/1253/4
f 847/1255/665 846/1256/665 849/1257/665
f 847/1255/665 848/1258/665 846/1256/665
f 848/1258/664 845/1259/664 846/1256/664
f 849/1260/4 846/1253/4 842/1254/4
f 851/1261/4 849/1260/4 842/1254/4
f 852/1262/657 849/1257/657 850/1263/657
f 850/1264/4 849/1260/4 851/1261/4
f 852/1262/657 847/1255/657 849/1257/657
f 852/1265/2 853/1266/2 829/1267/2
f 852/1265/2 829/1267/2 830/1268/2
f 847/1269/2 852/1265/2 830/1268/2
f 853/1270/656 852/1262/656 850/1263/656
f 754/1082/642 853/1270/642 753/1083/642
f 853/1266/2 754/1271/2 820/1272/2
f 853/1266/2 820/1272/2 829/1267/2
f 853/1270/656 850/1263/656 753/1083/656
f 854/1273/658 752/1093/658 851/1274/658
f 851/1261/4 752/1078/4 753/1081/4
f 841/1245/659 854/1273/659 851/1274/659
f 841/1245/659 851/1274/659 842/1246/659
f 753/1081/4 850/1264/4 851/1261/4
f 854/1273/658 758/1091/658 752/1093/658
f 758/1214/2 854/1275/2 823/1215/2
f 854/1275/2 826/1276/2 823/1215/2
f 854/1275/2 841/1243/2 826/1276/2
f 857/1277/2 855/1278/2 848/1279/2
f 856/1280/2 848/1279/2 855/1278/2
f 848/1258/664 856/1281/664 845/1259/664
f 848/1279/2 847/1269/2 857/1277/2
f 830/1225/731 832/1228/731 857/1282/731
f 857/1277/2 847/1269/2 830/1268/2
f 835/1283/735 857/1282/735 832/1228/735
f 835/1283/735 855/1284/735 857/1282/735
f 856/1281/736 859/1285/736 858/1286/736
f 856/1281/736 858/1286/736 845/1259/736
f 859/1287/2 856/1280/2 860/1288/2
f 860/1288/2 856/1280/2 855/1278/2
f 861/1289/2 859/1287/2 860/1288/2
f 863/1290/737 861/1291/738 860/1292/738
f 862/1293/739 860/1292/739 855/1284/739
f 863/1290/737 860/1292/738 862/1293/737
f 864/1294/740 861/1291/741 863/1290/740
f 865/1295/2 864/1296/2 863/1297/2
f 862/1298/2 865/1295/2 863/1297/2
f 865/1299/742 866/1300/743 864/1294/742
f 865/1299/742 867/1301/743 866/1300/743
f 868/1302/744 867/1301/744 865/1299/744
f 868/1303/2 865/1295/2 862/1298/2
f 836/1235/2 868/1303/2 862/1298/2
f 836/1236/734 838/1240/734 868/1302/734
f 868/1302/744 838/1240/744 867/1301/744
f 869/1304/2 870/1305/2 867/1306/2
f 867/1306/2 838/1242/2 869/1304/2
f 870/1305/2 866/1307/2 867/1306/2
f 870/1308/679 869/1309/679 871/1310/679
f 870/1308/679 871/1310/679 873/1311/679
f 870/1305/2 872/1312/2 866/1307/2
f 872/1313/678 870/1308/678 873/1311/678
f 873/1314/4 871/1315/4 858/1316/4
f 858/1316/4 874/1317/4 873/1314/4
f 874/1317/4 875/1318/4 873/1314/4
f 872/1313/678 873/1311/678 875/1319/678
f 876/1320/680 875/1319/680 874/1321/680
f 876/1320/680 872/1313/680 875/1319/680
f 859/1285/681 876/1320/681 874/1321/681
f 876/1322/2 859/1287/2 861/1289/2
f 872/1312/2 876/1322/2 866/1307/2
f 876/1322/2 861/1289/2 866/1307/2
f 859/1285/681 874/1321/681 858/1286/681
f 869/1309/745 844/1249/745 871/1310/745
f 871/1315/4 844/1252/4 858/1316/4
f 869/1309/745 839/1248/745 844/1249/745
f 839/1241/2 869/1304/2 838/1242/2
f 864/1294/740 866/1300/741 861/1291/741
f 862/1298/2 835/1234/2 836/1235/2
f 862/1293/739 855/1284/739 835/1283/739
f 845/1251/4 858/1316/4 844/1252/4
f 826/1276/2 841/1243/2 834/1237/2
f 819/1203/729 829/1224/729 820/1204/729
f 754/1271/2 755/1106/2 821/1323/2
f 820/1272/2 754/1271/2 821/1323/2
f 755/1106/2 877/1324/2 821/1323/2
f 813/1206/725 821/1208/725 877/1325/725
f 811/1326/746 813/1206/746 877/1325/746
f 755/1106/2 768/1108/2 877/1324/2
f 811/1326/746 877/1325/746 768/1112/746
f 761/1327/2 759/1218/2 817/1217/2
f 761/1327/2 817/1217/2 814/1328/2
f 814/1328/2 809/1182/2 761/1327/2
f 770/1111/711 811/1326/711 768/1112/711
f 809/1182/2 807/1180/2 761/1327/2
f 761/1097/687 807/1179/687 762/1098/687
f 807/1179/686 765/1178/686 762/1098/686
f 770/1189/2 771/1329/2 801/1187/2
f 798/1330/2 801/1187/2 773/1331/2
f 771/1329/2 773/1331/2 801/1187/2
f 777/1332/2 798/1330/2 773/1331/2
f 795/1333/2 798/1330/2 777/1332/2
f 797/1166/698 792/1149/698 788/1175/698
f 794/1334/2 795/1333/2 777/1332/2
f 794/1151/716 878/1335/716 785/1152/716
f 878/1336/2 794/1334/2 779/1337/2
f 777/1332/2 779/1337/2 794/1334/2
f 878/1335/747 779/1125/747 780/1126/747
f 878/1335/747 780/1126/747 785/1152/747
f 792/1149/701 789/1146/701 788/1175/701
f 782/1140/4 783/1174/4 788/1141/4
f 774/1176/709 766/1103/709 764/1104/709
f 880/1338/4 885/1339/4 879/1340/4
f 879/1340/4 881/1341/4 880/1338/4
f 882/1342/642 881/1343/642 879/1344/642
f 883/1345/643 882/1346/643 879/1347/643
f 883/1345/643 879/1347/643 884/1348/643
f 884/1349/4 879/1340/4 885/1339/4
f 885/1339/4 889/1350/4 884/1349/4
f 886/1351/644 885/1352/644 880/1353/644
f 886/1351/644 888/1354/644 885/1352/644
f 885/1352/645 887/1355/645 889/1356/645
f 885/1352/645 888/1354/645 887/1355/645
f 890/1357/4 884/1349/4 889/1350/4
f 889/1350/4 891/1358/4 890/1357/4
f 887/1355/687 891/1359/687 889/1356/687
f 891/1358/4 893/1360/4 890/1357/4
f 892/1361/686 893/1362/686 891/1359/686
f 887/1355/687 892/1361/687 891/1359/687
f 894/1363/688 895/1364/688 893/1362/688
f 892/1361/686 894/1363/686 893/1362/686
f 893/1360/4 895/1365/4 896/1366/4
f 890/1357/4 893/1360/4 896/1366/4
f 897/1367/685 890/1368/685 896/1369/685
f 899/1370/709 897/1367/709 896/1369/709
f 898/1371/4 896/1366/4 895/1365/4
f 899/1370/709 896/1369/709 898/1372/709
f 897/1373/2 899/1374/2 900/1375/2
f 902/1376/702 899/1370/702 898/1372/702
f 899/1374/2 901/1377/2 900/1375/2
f 899/1374/2 902/1378/2 901/1377/2
f 902/1376/702 898/1372/702 905/1379/702
f 903/1380/2 901/1377/2 902/1378/2
f 902/1378/2 904/1381/2 903/1380/2
f 904/1382/703 902/1376/703 905/1379/703
f 904/1382/703 905/1379/703 906/1383/703
f 906/1384/4 905/1385/4 908/1386/4
f 898/1371/4 907/1387/4 905/1385/4
f 907/1387/4 908/1386/4 905/1385/4
f 909/1388/701 911/1389/701 908/1390/701
f 910/1391/698 909/1388/698 908/1390/698
f 910/1391/698 908/1390/698 907/1392/698
f 908/1386/4 911/1393/4 906/1384/4
f 909/1388/701 913/1394/701 911/1389/701
f 906/1384/4 911/1393/4 912/1395/4
f 911/1393/4 914/1396/4 912/1395/4
f 913/1394/706 914/1397/706 911/1389/706
f 913/1394/706 915/1398/706 914/1397/706
f 915/1398/705 912/1399/705 914/1397/705
f 915/1398/705 916/1400/705 912/1399/705
f 916/1401/2 915/1402/2 917/1403/2
f 915/1402/2 913/1404/2 917/1403/2
f 920/1405/748 917/1406/748 918/1407/748
f 917/1403/2 913/1404/2 918/1408/2
f 917/1403/2 919/1409/2 916/1401/2
f 921/1410/749 919/1411/749 917/1406/749
f 920/1405/748 921/1410/748 917/1406/748
f 921/1412/2 920/1413/2 922/1414/2
f 921/1410/749 922/1415/749 919/1411/749
f 922/1415/750 903/1416/751 919/1411/751
f 922/1415/750 923/1417/750 903/1416/751
f 923/1418/2 922/1414/2 924/1419/2
f 920/1413/2 924/1419/2 922/1414/2
f 924/1419/2 925/1420/2 923/1418/2
f 925/1421/752 924/1422/752 926/1423/752
f 924/1422/753 918/1407/754 926/1423/754
f 924/1422/753 920/1405/753 918/1407/754
f 926/1424/2 909/1425/2 910/1426/2
f 927/1427/2 926/1424/2 910/1426/2
f 909/1425/2 926/1424/2 918/1408/2
f 925/1421/752 926/1423/752 927/1428/752
f 928/1429/755 925/1421/755 927/1428/755
f 928/1429/755 927/1428/755 930/1430/755
f 910/1426/2 929/1431/2 927/1427/2
f 927/1427/2 929/1431/2 930/1432/2
f 894/1433/2 931/1434/2 930/1432/2
f 929/1431/2 894/1433/2 930/1432/2
f 932/1435/756 930/1430/756 931/1436/756
f 932/1435/756 928/1429/756 930/1430/756
f 932/1437/2 935/1438/2 933/1439/2
f 934/1440/2 932/1437/2 933/1439/2
f 928/1441/2 932/1437/2 934/1440/2
f 932/1435/757 936/1442/757 935/1443/757
f 932/1435/757 931/1436/757 936/1442/757
f 935/1443/758 936/1442/758 937/1444/758
f 892/1445/2 937/1446/2 936/1447/2
f 936/1447/2 931/1434/2 892/1445/2
f 935/1443/758 937/1444/758 939/1448/758
f 937/1446/2 887/1449/2 938/1450/2
f 939/1448/759 937/1444/759 938/1451/759
f 892/1445/2 887/1449/2 937/1446/2
f 939/1448/759 938/1451/759 942/1452/759
f 941/1453/2 939/1454/2 940/1455/2
f 939/1454/2 942/1456/2 940/1455/2
f 935/1438/2 939/1454/2 941/1453/2
f 942/1456/2 945/1457/2 943/1458/2
f 943/1458/2 944/1459/2 942/1456/2
f 944/1459/2 940/1455/2 942/1456/2
f 942/1452/760 946/1460/760 945/1461/760
f 942/1452/760 938/1451/760 946/1460/760
f 888/1462/2 946/1463/2 938/1450/2
f 946/1463/2 886/1464/2 947/1465/2
f 945/1461/761 946/1460/761 947/1466/761
f 888/1462/2 886/1464/2 946/1463/2
f 949/1467/762 947/1466/762 948/1468/762
f 948/1469/2 947/1465/2 950/1470/2
f 945/1461/761 947/1466/761 949/1467/761
f 886/1464/2 950/1470/2 947/1465/2
f 950/1471/658 886/1351/658 880/1353/658
f 950/1471/658 880/1353/658 951/1472/658
f 952/1473/659 950/1471/659 951/1472/659
f 950/1470/2 952/1474/2 948/1469/2
f 948/1469/2 952/1474/2 953/1475/2
f 952/1474/2 954/1476/2 953/1475/2
f 954/1477/660 952/1473/660 955/1478/660
f 952/1473/659 951/1472/659 955/1478/659
f 957/1479/4 955/1480/4 956/1481/4
f 958/1482/4 956/1481/4 955/1480/4
f 954/1477/660 955/1478/660 957/1483/660
f 951/1484/4 958/1482/4 955/1480/4
f 961/1485/665 956/1486/665 958/1487/665
f 959/1488/4 958/1482/4 951/1484/4
f 960/1489/657 958/1487/657 959/1490/657
f 960/1489/657 961/1485/657 958/1487/657
f 961/1491/2 960/1492/2 962/1493/2
f 961/1491/2 962/1493/2 963/1494/2
f 964/1495/2 961/1491/2 963/1494/2
f 961/1485/665 964/1496/665 956/1486/665
f 965/1497/2 964/1495/2 963/1494/2
f 966/1498/2 964/1495/2 965/1497/2
f 964/1496/664 966/1499/664 967/1500/664
f 964/1496/664 967/1500/664 956/1486/664
f 967/1501/4 969/1502/4 968/1503/4
f 957/1479/4 967/1501/4 968/1503/4
f 956/1481/4 967/1501/4 957/1479/4
f 966/1499/736 969/1504/736 967/1500/736
f 969/1502/4 972/1505/4 970/1506/4
f 970/1506/4 968/1503/4 969/1502/4
f 966/1499/736 971/1507/736 969/1504/736
f 971/1507/681 972/1508/681 969/1504/681
f 973/1509/680 974/1510/680 972/1508/680
f 971/1507/681 973/1509/681 972/1508/681
f 972/1505/4 974/1511/4 975/1512/4
f 970/1506/4 972/1505/4 975/1512/4
f 976/1513/678 977/1514/678 975/1515/678
f 976/1513/678 975/1515/678 974/1510/678
f 977/1514/679 970/1516/679 975/1515/679
f 977/1514/679 978/1517/679 970/1516/679
f 978/1518/2 977/1519/2 980/1520/2
f 977/1519/2 976/1521/2 979/1522/2
f 980/1520/2 977/1519/2 979/1522/2
f 981/1523/763 980/1524/763 983/1525/763
f 981/1523/763 982/1526/763 980/1524/763
f 978/1518/2 980/1520/2 982/1527/2
f 983/1525/764 980/1524/765 979/1528/765
f 981/1529/2 983/1530/2 984/1531/2
f 983/1530/2 985/1532/2 984/1531/2
f 983/1525/764 979/1528/765 985/1533/764
f 985/1533/766 979/1528/767 986/1534/767
f 985/1533/766 986/1534/767 984/1535/766
f 971/1536/2 987/1537/2 986/1538/2
f 984/1535/768 986/1534/768 987/1539/768
f 979/1522/2 973/1540/2 986/1538/2
f 973/1540/2 971/1536/2 986/1538/2
f 984/1535/768 987/1539/768 988/1541/768
f 988/1541/769 987/1539/769 965/1542/769
f 966/1498/2 965/1497/2 987/1537/2
f 971/1536/2 966/1498/2 987/1537/2
f 989/1543/2 981/1529/2 988/1544/2
f 988/1544/2 990/1545/2 989/1543/2
f 984/1531/2 988/1544/2 981/1529/2
f 988/1541/769 965/1542/769 990/1546/769
f 990/1545/2 991/1547/2 992/1548/2
f 990/1546/770 963/1549/770 991/1550/770
f 990/1546/770 965/1542/770 963/1549/770
f 992/1548/2 989/1543/2 990/1545/2
f 992/1551/771 993/1552/771 989/1553/771
f 992/1551/771 953/1554/771 993/1552/771
f 994/1555/2 992/1548/2 991/1547/2
f 994/1556/772 953/1554/772 992/1551/772
f 949/1467/762 948/1468/762 994/1556/762
f 994/1556/772 948/1468/772 953/1554/772
f 949/1557/2 994/1555/2 995/1558/2
f 991/1547/2 995/1558/2 994/1555/2
f 995/1559/773 963/1549/773 962/1560/773
f 996/1561/774 995/1559/774 962/1560/774
f 995/1559/773 991/1550/773 963/1549/773
f 995/1558/2 996/1562/2 949/1557/2
f 945/1457/2 949/1557/2 996/1562/2
f 996/1562/2 943/1458/2 945/1457/2
f 996/1561/774 962/1560/774 997/1563/774
f 943/1564/775 996/1561/775 997/1563/775
f 962/1493/2 960/1492/2 997/1565/2
f 960/1492/2 998/1566/2 997/1565/2
f 998/1566/2 999/1567/2 997/1565/2
f 943/1564/775 997/1563/775 999/1568/775
f 998/1566/2 882/1569/2 999/1567/2
f 999/1567/2 882/1569/2 1000/1570/2
f 944/1571/776 943/1564/776 999/1568/776
f 944/1571/776 999/1568/776 1000/1572/776
f 882/1569/2 883/1573/2 1000/1570/2
f 883/1573/2 1001/1574/2 1000/1570/2
f 940/1575/777 944/1576/777 1000/1577/777
f 940/1575/777 1000/1577/777 1001/1578/777
f 883/1573/2 1002/1579/2 1001/1574/2
f 941/1580/778 940/1575/778 1001/1578/778
f 941/1580/778 1001/1578/778 1003/1581/778
f 1002/1579/2 1003/1582/2 1001/1574/2
f 933/1583/779 941/1580/779 1003/1581/779
f 1002/1579/2 1004/1584/2 1003/1582/2
f 933/1583/779 1003/1581/779 1004/1585/779
f 1002/1579/2 897/1373/2 1004/1584/2
f 897/1373/2 900/1375/2 1004/1584/2
f 900/1586/780 933/1583/780 1004/1585/780
f 897/1367/685 1002/1587/685 890/1368/685
f 1002/1587/684 884/1348/684 890/1368/684
f 1002/1587/684 883/1345/684 884/1348/684
f 998/1588/656 959/1490/656 881/1343/656
f 998/1588/656 960/1489/656 959/1490/656
f 882/1342/642 998/1588/642 881/1343/642
f 989/1553/781 993/1552/781 982/1526/781
f 954/1476/2 993/1589/2 953/1475/2
f 993/1589/2 1005/1590/2 982/1527/2
f 954/1476/2 1005/1590/2 993/1589/2
f 1005/1590/2 978/1518/2 982/1527/2
f 978/1517/745 1005/1591/745 968/1592/745
f 1005/1591/661 957/1483/661 968/1592/661
f 1005/1591/661 954/1477/661 957/1483/661
f 989/1553/781 982/1526/781 981/1523/781
f 976/1521/2 973/1540/2 979/1522/2
f 978/1517/745 968/1592/745 970/1516/745
f 973/1509/680 976/1513/680 974/1510/680
f 881/1341/4 959/1488/4 951/1484/4
f 951/1484/4 880/1338/4 881/1341/4
f 941/1453/2 933/1439/2 935/1438/2
f 887/1449/2 888/1462/2 938/1450/2
f 1006/1593/782 934/1594/782 900/1586/782
f 900/1586/780 934/1594/780 933/1583/780
f 934/1440/2 1006/1595/2 928/1441/2
f 923/1418/2 925/1420/2 1006/1595/2
f 923/1417/783 1006/1593/783 901/1596/784
f 925/1420/2 928/1441/2 1006/1595/2
f 1006/1593/782 900/1586/782 901/1596/782
f 894/1433/2 892/1445/2 931/1434/2
f 894/1363/688 929/1597/688 895/1364/688
f 929/1597/700 907/1392/700 895/1364/700
f 929/1597/700 910/1391/700 907/1392/700
f 923/1417/783 901/1596/784 903/1416/784
f 919/1409/2 903/1380/2 904/1381/2
f 904/1381/2 916/1401/2 919/1409/2
f 913/1404/2 909/1425/2 918/1408/2
f 916/1400/704 904/1382/704 906/1383/704
f 916/1400/704 906/1383/704 912/1399/704
f 895/1365/4 907/1387/4 898/1371/4
f 1008/1598/4 1013/1599/4 1007/1600/4
f 1007/1600/4 1009/1601/4 1008/1598/4
f 1010/1602/642 1009/1603/642 1007/1604/642
f 1011/1605/643 1010/1606/643 1007/1607/643
f 1011/1605/643 1007/1607/643 1012/1608/643
f 1012/1609/4 1007/1600/4 1013/1599/4
f 1013/1599/4 1017/1610/4 1012/1609/4
f 1014/1611/644 1013/1612/644 1008/1613/644
f 1014/1611/644 1015/1614/644 1013/1612/644
f 1013/1612/645 1015/1614/645 1016/1615/645
f 1013/1612/645 1016/1615/645 1017/1616/645
f 1019/1617/4 1012/1609/4 1017/1610/4
f 1016/1615/687 1018/1618/687 1017/1616/687
f 1017/1610/4 1018/1619/4 1019/1617/4
f 1020/1620/684 1012/1608/684 1019/1621/684
f 1021/1622/685 1020/1620/685 1019/1621/685
f 1021/1622/685 1019/1621/685 1023/1623/685
f 1019/1617/4 1022/1624/4 1023/1625/4
f 1018/1619/4 1022/1624/4 1019/1617/4
f 1024/1626/709 1021/1622/709 1023/1623/709
f 1024/1626/709 1023/1623/709 1025/1627/709
f 1025/1628/4 1023/1625/4 1026/1629/4
f 1022/1624/4 1026/1629/4 1023/1625/4
f 1026/1629/4 1027/1630/4 1025/1628/4
f 1028/1631/700 1027/1632/700 1026/1633/700
f 1029/1634/688 1028/1631/688 1026/1633/688
f 1029/1634/688 1026/1633/688 1022/1635/688
f 1029/1636/2 1031/1637/2 1030/1638/2
f 1028/1639/2 1029/1636/2 1030/1638/2
f 1029/1636/2 1032/1640/2 1031/1637/2
f 1032/1641/686 1029/1634/686 1022/1635/686
f 1016/1615/687 1032/1641/687 1018/1618/687
f 1032/1640/2 1016/1642/2 1033/1643/2
f 1032/1640/2 1033/1643/2 1034/1644/2
f 1032/1641/686 1022/1635/686 1018/1618/686
f 1034/1644/2 1031/1637/2 1032/1640/2
f 1035/1645/758 1034/1646/758 1033/1647/758
f 1036/1648/785 1034/1646/785 1035/1645/785
f 1036/1648/785 1031/1649/785 1034/1646/785
f 1036/1650/2 1035/1651/2 1037/1652/2
f 1037/1652/2 1038/1653/2 1036/1650/2
f 1039/1654/2 1036/1650/2 1038/1653/2
f 1036/1648/786 1039/1655/786 1030/1656/786
f 1036/1648/786 1030/1656/786 1031/1649/786
f 1039/1655/755 1040/1657/787 1030/1656/787
f 1039/1655/755 1041/1658/755 1040/1657/787
f 1041/1659/2 1039/1654/2 1042/1660/2
f 1043/1661/2 1042/1660/2 1039/1654/2
f 1038/1653/2 1043/1661/2 1039/1654/2
f 1042/1662/788 1043/1663/788 1044/1664/782
f 1044/1664/789 1043/1663/789 1038/1665/789
f 1021/1666/2 1024/1667/2 1044/1668/2
f 1021/1666/2 1044/1668/2 1045/1669/2
f 1044/1664/789 1038/1665/789 1045/1670/789
f 1042/1662/788 1044/1664/782 1046/1671/782
f 1024/1667/2 1046/1672/2 1044/1668/2
f 1047/1673/790 1042/1662/790 1046/1671/790
f 1047/1673/790 1046/1671/790 1048/1674/790
f 1048/1675/2 1046/1672/2 1049/1676/2
f 1024/1667/2 1049/1676/2 1046/1672/2
f 1049/1677/702 1024/1626/702 1025/1627/702
f 1050/1678/791 1049/1677/791 1051/1679/791
f 1049/1676/2 1050/1680/2 1048/1675/2
f 1049/1677/702 1025/1627/702 1051/1679/702
f 1050/1678/791 1051/1679/791 1053/1681/791
f 1025/1628/4 1027/1630/4 1051/1682/4
f 1027/1630/4 1052/1683/4 1051/1682/4
f 1053/1684/4 1051/1682/4 1052/1683/4
f 1055/1685/704 1053/1681/704 1054/1686/704
f 1054/1687/4 1053/1684/4 1052/1683/4
f 1055/1685/704 1050/1678/704 1053/1681/704
f 1057/1688/705 1055/1685/705 1054/1686/705
f 1050/1680/2 1055/1689/2 1058/1690/2
f 1056/1691/2 1058/1690/2 1055/1689/2
f 1055/1689/2 1057/1692/2 1056/1691/2
f 1058/1690/2 1048/1675/2 1050/1680/2
f 1059/1693/792 1058/1694/749 1056/1695/749
f 1059/1693/792 1060/1696/792 1058/1694/749
f 1060/1696/751 1048/1674/751 1058/1694/751
f 1059/1697/2 1061/1698/2 1060/1699/2
f 1061/1698/2 1062/1700/2 1060/1699/2
f 1047/1701/2 1060/1699/2 1062/1700/2
f 1060/1696/751 1047/1673/751 1048/1674/751
f 1062/1702/754 1061/1703/754 1064/1704/754
f 1041/1658/793 1062/1702/793 1063/1705/793
f 1062/1700/2 1041/1659/2 1047/1701/2
f 1062/1702/754 1064/1704/754 1063/1705/754
f 1061/1703/748 1056/1695/794 1064/1704/794
f 1056/1691/2 1065/1706/2 1064/1707/2
f 1065/1706/2 1066/1708/2 1064/1707/2
f 1066/1708/2 1063/1709/2 1064/1707/2
f 1063/1709/2 1066/1708/2 1067/1710/2
f 1067/1711/698 1066/1712/698 1052/1713/698
f 1066/1712/701 1068/1714/701 1052/1713/701
f 1066/1712/701 1065/1715/701 1068/1714/701
f 1052/1683/4 1068/1716/4 1054/1687/4
f 1068/1716/4 1069/1717/4 1054/1687/4
f 1065/1715/706 1069/1718/706 1068/1714/706
f 1065/1715/706 1057/1688/706 1069/1718/706
f 1057/1688/705 1054/1686/705 1069/1718/705
f 1067/1710/2 1028/1639/2 1040/1719/2
f 1028/1631/700 1067/1711/700 1027/1632/700
f 1067/1711/698 1052/1713/698 1027/1632/698
f 1040/1719/2 1063/1709/2 1067/1710/2
f 1057/1692/2 1065/1706/2 1056/1691/2
f 1041/1658/793 1063/1705/793 1040/1657/793
f 1061/1703/748 1059/1693/748 1056/1695/794
f 1047/1701/2 1041/1659/2 1042/1660/2
f 1038/1665/795 1070/1720/795 1045/1670/795
f 1020/1721/2 1045/1669/2 1070/1722/2
f 1020/1721/2 1021/1666/2 1045/1669/2
f 1020/1721/2 1070/1722/2 1071/1723/2
f 1038/1665/795 1037/1724/795 1070/1720/795
f 1037/1724/778 1071/1725/778 1070/1720/778
f 1011/1726/2 1020/1721/2 1071/1723/2
f 1011/1726/2 1071/1723/2 1073/1727/2
f 1037/1724/778 1072/1728/778 1071/1725/778
f 1072/1728/796 1073/1729/796 1071/1725/796
f 1010/1730/2 1011/1726/2 1073/1727/2
f 1074/1731/2 1010/1730/2 1073/1727/2
f 1075/1732/797 1074/1733/797 1073/1734/797
f 1072/1728/796 1075/1735/796 1073/1729/796
f 1075/1732/797 1076/1736/797 1074/1733/797
f 1076/1737/2 1075/1738/2 1077/1739/2
f 1078/1740/2 1077/1739/2 1075/1738/2
f 1075/1738/2 1072/1741/2 1078/1740/2
f 1078/1742/798 1033/1647/798 1079/1743/798
f 1078/1742/798 1079/1743/798 1077/1744/798
f 1035/1645/758 1033/1647/758 1078/1742/758
f 1035/1651/2 1078/1740/2 1072/1741/2
f 1015/1745/2 1080/1746/2 1079/1747/2
f 1077/1744/799 1079/1743/799 1080/1748/799
f 1016/1642/2 1015/1745/2 1079/1747/2
f 1033/1643/2 1016/1642/2 1079/1747/2
f 1080/1746/2 1014/1749/2 1081/1750/2
f 1082/1751/761 1080/1748/761 1081/1752/761
f 1015/1745/2 1014/1749/2 1080/1746/2
f 1077/1744/799 1080/1748/799 1082/1751/799
f 1082/1751/761 1081/1752/761 1083/1753/761
f 1082/1754/2 1083/1755/2 1084/1756/2
f 1084/1756/2 1076/1737/2 1082/1754/2
f 1077/1739/2 1082/1754/2 1076/1737/2
f 1085/1757/2 1084/1756/2 1083/1755/2
f 1084/1758/800 1085/1759/800 1086/1760/800
f 1084/1758/800 1086/1760/800 1087/1761/800
f 1076/1736/775 1084/1758/775 1087/1761/775
f 1086/1762/2 1088/1763/2 1087/1764/2
f 1088/1763/2 1089/1765/2 1087/1764/2
f 1089/1765/2 1074/1731/2 1087/1764/2
f 1076/1736/775 1087/1761/775 1074/1733/775
f 1089/1766/656 1090/1767/656 1009/1603/656
f 1089/1766/656 1088/1768/656 1090/1767/656
f 1010/1602/642 1089/1766/642 1009/1603/642
f 1089/1765/2 1010/1730/2 1074/1731/2
f 1088/1768/657 1092/1769/657 1090/1767/657
f 1009/1601/4 1090/1770/4 1091/1771/4
f 1090/1770/4 1092/1772/4 1091/1771/4
f 1091/1771/4 1092/1772/4 1093/1773/4
f 1092/1772/4 1094/1774/4 1093/1773/4
f 1095/1775/665 1094/1776/665 1092/1769/665
f 1088/1768/657 1095/1775/657 1092/1769/657
f 1095/1777/2 1088/1763/2 1086/1762/2
f 1095/1777/2 1086/1762/2 1096/1778/2
f 1097/1779/2 1095/1777/2 1096/1778/2
f 1095/1775/665 1097/1780/665 1094/1776/665
f 1098/1781/2 1097/1779/2 1096/1778/2
f 1099/1782/2 1097/1779/2 1098/1781/2
f 1097/1780/664 1099/1783/664 1100/1784/664
f 1097/1780/664 1100/1784/664 1094/1776/664
f 1099/1783/663 1101/1785/663 1100/1784/663
f 1100/1786/4 1101/1787/4 1102/1788/4
f 1103/1789/4 1100/1786/4 1102/1788/4
f 1094/1774/4 1100/1786/4 1103/1789/4
f 1104/1790/661 1105/1791/661 1103/1792/661
f 1104/1790/661 1103/1792/661 1102/1793/661
f 1105/1791/660 1093/1794/660 1103/1792/660
f 1103/1789/4 1093/1773/4 1094/1774/4
f 1105/1795/2 1104/1796/2 1107/1797/2
f 1106/1798/2 1105/1795/2 1108/1799/2
f 1105/1791/660 1106/1800/660 1093/1794/660
f 1105/1795/2 1107/1797/2 1108/1799/2
f 1109/1801/2 1106/1798/2 1108/1799/2
f 1110/1802/801 1109/1803/801 1108/1804/801
f 1110/1802/801 1108/1804/801 1111/1805/801
f 1111/1805/802 1108/1804/803 1107/1806/803
f 1111/1807/2 1112/1808/2 1113/1809/2
f 1111/1805/802 1107/1806/803 1112/1810/802
f 1110/1811/2 1111/1807/2 1113/1809/2
f 1085/1759/804 1113/1812/804 1096/1813/804
f 1113/1809/2 1085/1757/2 1110/1811/2
f 1114/1814/805 1096/1813/806 1113/1812/805
f 1113/1809/2 1112/1808/2 1114/1815/2
f 1114/1814/805 1098/1816/806 1096/1813/806
f 1115/1817/769 1098/1816/769 1114/1814/769
f 1112/1808/2 1116/1818/2 1114/1815/2
f 1115/1819/2 1114/1815/2 1116/1818/2
f 1117/1820/2 1115/1819/2 1116/1818/2
f 1112/1810/781 1120/1821/781 1116/1822/781
f 1116/1818/2 1118/1823/2 1117/1820/2
f 1116/1822/807 1119/1824/807 1118/1825/807
f 1116/1822/807 1120/1821/807 1119/1824/807
f 1112/1810/781 1107/1806/781 1120/1821/781
f 1121/1826/2 1119/1827/2 1120/1828/2
f 1107/1797/2 1104/1796/2 1120/1828/2
f 1104/1796/2 1121/1826/2 1120/1828/2
f 1121/1829/745 1102/1793/745 1122/1830/745
f 1123/1831/679 1121/1829/679 1122/1830/679
f 1121/1826/2 1123/1832/2 1119/1827/2
f 1121/1829/745 1104/1790/745 1102/1793/745
f 1123/1831/679 1122/1830/679 1124/1833/679
f 1126/1834/678 1123/1831/678 1124/1833/678
f 1119/1827/2 1123/1832/2 1125/1835/2
f 1123/1832/2 1126/1836/2 1125/1835/2
f 1126/1834/678 1124/1833/678 1128/1837/678
f 1126/1836/2 1127/1838/2 1125/1835/2
f 1127/1839/680 1126/1834/680 1128/1837/680
f 1129/1840/4 1128/1841/4 1124/1842/4
f 1127/1839/680 1128/1837/680 1129/1843/680
f 1130/1844/681 1127/1839/681 1129/1843/681
f 1130/1844/681 1129/1843/681 1101/1785/681
f 1101/1787/4 1129/1840/4 1122/1845/4
f 1122/1845/4 1129/1840/4 1124/1842/4
f 1130/1846/2 1099/1782/2 1131/1847/2
f 1130/1846/2 1131/1847/2 1132/1848/2
f 1099/1783/663 1130/1844/663 1101/1785/663
f 1127/1838/2 1130/1846/2 1132/1848/2
f 1133/1849/767 1132/1850/767 1117/1851/767
f 1117/1851/808 1132/1850/808 1131/1852/808
f 1133/1849/767 1125/1853/767 1132/1850/767
f 1125/1835/2 1127/1838/2 1132/1848/2
f 1118/1825/764 1125/1853/764 1133/1849/764
f 1118/1823/2 1133/1854/2 1117/1820/2
f 1115/1817/769 1131/1852/769 1098/1816/769
f 1117/1851/808 1131/1852/808 1115/1817/808
f 1099/1782/2 1098/1781/2 1131/1847/2
f 1118/1825/764 1119/1824/764 1125/1853/764
f 1122/1845/4 1102/1788/4 1101/1787/4
f 1083/1753/809 1109/1803/809 1110/1802/809
f 1083/1755/2 1110/1811/2 1085/1757/2
f 1134/1855/2 1106/1798/2 1109/1801/2
f 1083/1753/809 1081/1752/809 1109/1803/809
f 1109/1801/2 1081/1750/2 1134/1855/2
f 1134/1856/658 1014/1611/658 1008/1613/658
f 1134/1856/658 1008/1613/658 1091/1857/658
f 1106/1800/659 1134/1856/659 1091/1857/659
f 1014/1749/2 1134/1855/2 1081/1750/2
f 1106/1800/659 1091/1857/659 1093/1794/659
f 1085/1759/804 1096/1813/804 1086/1760/804
f 1091/1771/4 1008/1598/4 1009/1601/4
f 1072/1741/2 1037/1652/2 1035/1651/2
f 1040/1719/2 1028/1639/2 1030/1638/2
f 1020/1620/684 1011/1605/684 1012/1608/684
f 1136/1858/4 1141/1859/4 1135/1860/4
f 1135/1860/4 1137/1861/4 1136/1858/4
f 1138/1862/642 1137/1863/642 1135/1864/642
f 1139/1865/643 1138/1866/643 1135/1867/643
f 1139/1865/643 1135/1867/643 1140/1868/643
f 1140/1869/4 1135/1860/4 1141/1859/4
f 1141/1859/4 1143/1870/4 1140/1869/4
f 1142/1871/644 1141/1872/644 1136/1873/644
f 1142/1871/644 1144/1874/644 1141/1872/644
f 1144/1874/645 1143/1875/645 1141/1872/645
f 1144/1874/645 1145/1876/645 1143/1875/645
f 1145/1877/2 1144/1878/2 1146/1879/2
f 1147/1880/2 1146/1879/2 1144/1878/2
f 1144/1878/2 1142/1881/2 1147/1880/2
f 1149/1882/727 1146/1883/727 1147/1884/727
f 1142/1881/2 1148/1885/2 1147/1880/2
f 1150/1886/726 1147/1884/726 1148/1887/726
f 1149/1882/727 1147/1884/727 1150/1886/727
f 1150/1886/726 1148/1887/726 1151/1888/726
f 1150/1889/2 1151/1890/2 1152/1891/2
f 1152/1891/2 1153/1892/2 1150/1889/2
f 1149/1893/2 1150/1889/2 1153/1892/2
f 1153/1894/729 1152/1895/729 1154/1896/729
f 1153/1894/729 1154/1896/729 1155/1897/729
f 1156/1898/724 1153/1894/724 1155/1897/724
f 1153/1892/2 1156/1899/2 1149/1893/2
f 1156/1898/724 1155/1897/724 1158/1900/724
f 1156/1899/2 1157/1901/2 1149/1893/2
f 1157/1902/725 1156/1903/725 1158/1904/725
f 1138/1905/2 1139/1906/2 1158/1907/2
f 1155/1908/2 1138/1905/2 1158/1907/2
f 1139/1906/2 1159/1909/2 1158/1907/2
f 1157/1902/725 1158/1904/725 1159/1910/725
f 1139/1906/2 1161/1911/2 1159/1909/2
f 1160/1912/746 1157/1902/746 1159/1910/746
f 1160/1912/746 1159/1910/746 1161/1913/746
f 1139/1906/2 1162/1914/2 1161/1911/2
f 1164/1915/711 1160/1912/711 1161/1913/711
f 1162/1914/2 1163/1916/2 1161/1911/2
f 1164/1915/711 1161/1913/711 1163/1917/711
f 1165/1918/712 1164/1915/712 1163/1917/712
f 1165/1919/2 1166/1920/2 1164/1921/2
f 1166/1920/2 1167/1922/2 1164/1921/2
f 1160/1923/2 1164/1921/2 1167/1922/2
f 1167/1924/722 1169/1925/722 1168/1926/722
f 1167/1922/2 1168/1927/2 1160/1923/2
f 1166/1928/720 1170/1929/720 1167/1924/720
f 1167/1924/722 1170/1929/722 1169/1925/722
f 1166/1928/720 1172/1930/720 1170/1929/720
f 1169/1931/2 1170/1932/2 1145/1877/2
f 1170/1932/2 1171/1933/2 1145/1877/2
f 1171/1933/2 1170/1932/2 1172/1934/2
f 1173/1935/2 1174/1936/2 1172/1934/2
f 1175/1937/721 1173/1938/721 1172/1930/721
f 1174/1936/2 1171/1933/2 1172/1934/2
f 1175/1937/721 1172/1930/721 1166/1928/721
f 1175/1939/2 1166/1920/2 1165/1919/2
f 1165/1919/2 1176/1940/2 1175/1939/2
f 1177/1941/2 1175/1939/2 1176/1940/2
f 1175/1937/719 1177/1942/719 1178/1943/719
f 1175/1937/719 1178/1943/719 1173/1938/719
f 1179/1944/2 1173/1935/2 1178/1945/2
f 1181/1946/2 1179/1944/2 1178/1945/2
f 1177/1942/718 1180/1947/718 1178/1943/718
f 1180/1948/2 1181/1946/2 1178/1945/2
f 1184/1949/2 1181/1946/2 1180/1948/2
f 1179/1950/700 1181/1951/700 1182/1952/700
f 1181/1951/698 1183/1953/698 1182/1952/698
f 1181/1951/698 1184/1954/698 1183/1953/698
f 1184/1954/701 1185/1955/701 1186/1956/701
f 1185/1957/2 1184/1949/2 1187/1958/2
f 1184/1954/701 1186/1956/701 1183/1953/701
f 1180/1948/2 1187/1958/2 1184/1949/2
f 1187/1958/2 1188/1959/2 1185/1957/2
f 1189/1960/716 1188/1961/716 1187/1962/716
f 1190/1963/717 1187/1962/717 1180/1947/717
f 1190/1963/717 1189/1960/717 1187/1962/717
f 1177/1942/718 1190/1963/718 1180/1947/718
f 1189/1964/2 1190/1965/2 1191/1966/2
f 1190/1965/2 1177/1941/2 1191/1966/2
f 1191/1967/714 1192/1968/714 1194/1969/714
f 1191/1967/714 1176/1970/714 1192/1968/714
f 1191/1966/2 1177/1941/2 1176/1940/2
f 1191/1966/2 1193/1971/2 1189/1964/2
f 1193/1972/715 1191/1967/715 1194/1969/715
f 1193/1972/715 1194/1969/715 1195/1973/715
f 1194/1974/2 1197/1975/2 1195/1976/2
f 1194/1974/2 1192/1977/2 1196/1978/2
f 1196/1978/2 1197/1975/2 1194/1974/2
f 1197/1979/791 1196/1980/791 1198/1981/791
f 1197/1979/791 1198/1981/791 1199/1982/791
f 1200/1983/704 1197/1979/704 1199/1982/704
f 1197/1975/2 1200/1984/2 1195/1976/2
f 1200/1983/704 1199/1982/704 1202/1985/704
f 1200/1984/2 1188/1959/2 1195/1976/2
f 1200/1984/2 1201/1986/2 1188/1959/2
f 1201/1987/705 1200/1983/705 1202/1985/705
f 1202/1988/4 1199/1989/4 1183/1990/4
f 1183/1990/4 1186/1991/4 1202/1988/4
f 1186/1991/4 1203/1992/4 1202/1988/4
f 1201/1987/705 1202/1985/705 1203/1993/705
f 1185/1955/706 1201/1987/706 1203/1993/706
f 1185/1955/706 1203/1993/706 1186/1956/706
f 1201/1986/2 1185/1957/2 1188/1959/2
f 1199/1989/4 1198/1994/4 1183/1990/4
f 1204/1995/4 1182/1996/4 1198/1994/4
f 1182/1996/4 1183/1990/4 1198/1994/4
f 1196/1980/702 1204/1997/702 1198/1981/702
f 1206/1998/4 1182/1996/4 1204/1995/4
f 1205/1999/709 1207/2000/709 1204/1997/709
f 1196/1980/702 1205/1999/702 1204/1997/702
f 1204/1995/4 1207/2001/4 1206/1998/4
f 1208/2002/4 1206/1998/4 1207/2001/4
f 1209/2003/4 1208/2002/4 1207/2001/4
f 1210/2004/685 1209/2005/685 1207/2000/685
f 1205/1999/709 1210/2004/709 1207/2000/709
f 1163/1916/2 1210/2006/2 1211/2007/2
f 1210/2006/2 1205/2008/2 1211/2007/2
f 1162/1914/2 1210/2006/2 1163/1916/2
f 1210/2004/685 1162/2009/685 1209/2005/685
f 1165/1918/712 1163/1917/712 1211/2010/712
f 1205/2008/2 1192/1977/2 1211/2007/2
f 1176/1970/713 1211/2010/713 1192/1968/713
f 1176/1970/713 1165/1918/713 1211/2010/713
f 1162/2009/684 1140/1868/684 1209/2005/684
f 1209/2003/4 1140/1869/4 1143/1870/4
f 1143/1870/4 1212/2011/4 1209/2003/4
f 1212/2011/4 1208/2002/4 1209/2003/4
f 1145/1876/687 1171/2012/687 1212/2013/687
f 1145/1876/687 1212/2013/687 1143/1875/687
f 1171/2012/686 1208/2014/686 1212/2013/686
f 1171/2012/686 1174/2015/686 1208/2014/686
f 1174/2015/688 1206/2016/688 1208/2014/688
f 1179/1950/700 1182/1952/700 1206/2016/700
f 1174/2015/688 1179/1950/688 1206/2016/688
f 1205/2008/2 1196/1978/2 1192/1977/2
f 1213/2017/747 1195/1973/747 1188/1961/747
f 1213/2017/747 1193/1972/747 1195/1973/747
f 1189/1960/716 1213/2017/716 1188/1961/716
f 1213/2018/2 1189/1964/2 1193/1971/2
f 1179/1944/2 1174/1936/2 1173/1935/2
f 1145/1877/2 1146/1879/2 1169/1931/2
f 1168/1926/723 1169/1925/723 1146/1883/723
f 1168/1926/723 1146/1883/723 1149/1882/723
f 1160/1923/2 1168/1927/2 1157/1901/2
f 1168/1927/2 1149/1893/2 1157/1901/2
f 1162/2009/684 1139/1865/684 1140/1868/684
f 1214/2019/2 1138/1905/2 1155/1908/2
f 1214/2019/2 1155/1908/2 1154/2020/2
f 1214/2021/656 1215/2022/656 1137/1863/656
f 1214/2021/656 1216/2023/656 1215/2022/656
f 1138/1862/642 1214/2021/642 1137/1863/642
f 1216/2024/2 1214/2019/2 1154/2020/2
f 1216/2023/657 1219/2025/657 1215/2022/657
f 1216/2024/2 1154/2020/2 1217/2026/2
f 1218/2027/2 1216/2024/2 1217/2026/2
f 1216/2023/657 1218/2028/657 1219/2025/657
f 1218/2028/665 1220/2029/665 1219/2025/665
f 1219/2030/4 1220/2031/4 1221/2032/4
f 1222/2033/4 1219/2030/4 1221/2032/4
f 1215/2034/4 1219/2030/4 1222/2033/4
f 1223/2035/658 1136/1873/658 1222/2036/658
f 1222/2033/4 1136/1858/4 1137/1861/4
f 1224/2037/659 1223/2035/659 1222/2036/659
f 1224/2037/659 1222/2036/659 1221/2038/659
f 1137/1861/4 1215/2034/4 1222/2033/4
f 1225/2039/2 1224/2040/2 1226/2041/2
f 1223/2042/2 1224/2040/2 1225/2039/2
f 1224/2040/2 1227/2043/2 1226/2041/2
f 1227/2044/660 1224/2037/660 1221/2038/660
f 1230/2045/661 1227/2044/661 1228/2046/661
f 1227/2044/660 1221/2038/660 1228/2046/660
f 1226/2041/2 1227/2043/2 1229/2047/2
f 1227/2043/2 1230/2048/2 1229/2047/2
f 1229/2047/2 1230/2048/2 1231/2049/2
f 1230/2048/2 1232/2050/2 1231/2049/2
f 1232/2051/745 1230/2045/745 1233/2052/745
f 1230/2045/661 1228/2046/661 1233/2052/661
f 1234/2053/4 1233/2054/4 1235/2055/4
f 1232/2051/745 1233/2052/745 1234/2056/745
f 1236/2057/4 1235/2055/4 1233/2054/4
f 1228/2058/4 1236/2057/4 1233/2054/4
f 1220/2031/4 1236/2057/4 1228/2058/4
f 1237/2059/663 1235/2060/663 1236/2061/663
f 1238/2062/664 1237/2059/664 1236/2061/664
f 1238/2062/664 1236/2061/664 1220/2029/664
f 1218/2028/665 1238/2062/665 1220/2029/665
f 1238/2063/2 1218/2027/2 1239/2064/2
f 1239/2064/2 1240/2065/2 1238/2063/2
f 1237/2066/2 1238/2063/2 1240/2065/2
f 1241/2067/735 1240/2068/735 1239/2069/735
f 1242/2070/739 1240/2068/739 1241/2067/739
f 1242/2070/739 1243/2071/739 1240/2068/739
f 1243/2072/2 1237/2066/2 1240/2065/2
f 1244/2073/737 1245/2074/737 1243/2071/737
f 1244/2073/737 1243/2071/737 1242/2070/737
f 1245/2075/2 1246/2076/2 1243/2072/2
f 1246/2076/2 1237/2066/2 1243/2072/2
f 1246/2077/681 1247/2078/681 1235/2060/681
f 1237/2059/663 1246/2077/663 1235/2060/663
f 1246/2077/681 1248/2079/681 1247/2078/681
f 1248/2080/2 1246/2076/2 1245/2075/2
f 1248/2079/680 1249/2081/680 1247/2078/680
f 1248/2079/680 1250/2082/680 1249/2081/680
f 1250/2083/2 1248/2080/2 1251/2084/2
f 1248/2080/2 1245/2075/2 1251/2084/2
f 1255/2085/2 1250/2083/2 1251/2084/2
f 1253/2086/742 1251/2087/743 1252/2088/742
f 1252/2088/740 1251/2087/741 1245/2074/741
f 1253/2086/742 1254/2089/743 1251/2087/743
f 1255/2085/2 1251/2084/2 1254/2090/2
f 1232/2050/2 1255/2085/2 1254/2090/2
f 1255/2091/679 1232/2051/679 1234/2056/679
f 1255/2091/679 1234/2056/679 1256/2092/679
f 1250/2082/678 1255/2091/678 1256/2092/678
f 1256/2093/4 1234/2053/4 1235/2055/4
f 1250/2082/678 1256/2092/678 1249/2081/678
f 1247/2094/4 1249/2095/4 1256/2093/4
f 1235/2055/4 1247/2094/4 1256/2093/4
f 1257/2096/744 1254/2089/744 1253/2086/744
f 1257/2096/744 1231/2097/744 1254/2089/744
f 1254/2090/2 1231/2049/2 1232/2050/2
f 1258/2098/734 1231/2097/734 1257/2096/734
f 1258/2099/2 1257/2100/2 1242/2101/2
f 1257/2100/2 1253/2102/2 1242/2101/2
f 1258/2098/734 1229/2103/734 1231/2097/734
f 1259/2104/733 1229/2103/733 1258/2098/733
f 1259/2105/2 1258/2099/2 1241/2106/2
f 1242/2101/2 1241/2106/2 1258/2099/2
f 1259/2104/732 1260/2107/732 1225/2108/732
f 1259/2104/732 1225/2108/732 1226/2109/732
f 1259/2104/733 1226/2109/733 1229/2103/733
f 1260/2110/2 1259/2105/2 1261/2111/2
f 1241/2106/2 1261/2111/2 1259/2105/2
f 1261/2111/2 1262/2112/2 1260/2110/2
f 1217/2113/731 1262/2114/731 1261/2115/731
f 1217/2113/731 1261/2115/731 1239/2069/731
f 1241/2067/735 1239/2069/735 1261/2115/735
f 1152/1895/730 1262/2114/730 1217/2113/730
f 1262/2112/2 1152/1891/2 1151/1890/2
f 1151/1890/2 1260/2110/2 1262/2112/2
f 1151/1888/728 1225/2108/728 1260/2107/728
f 1253/2102/2 1252/2116/2 1244/2117/2
f 1242/2101/2 1253/2102/2 1244/2117/2
f 1252/2088/740 1245/2074/741 1244/2073/740
f 1239/2064/2 1218/2027/2 1217/2026/2
f 1228/2058/4 1221/2032/4 1220/2031/4
f 1151/1888/728 1148/1887/728 1225/2108/728
f 1223/2042/2 1225/2039/2 1148/1885/2
f 1223/2035/658 1142/1871/658 1136/1873/658
f 1142/1881/2 1223/2042/2 1148/1885/2
f 1152/1895/730 1217/2113/730 1154/1896/730
f 1264/2118/4 1269/2119/4 1263/2120/4
f 1263/2120/4 1265/2121/4 1264/2118/4
f 1266/2122/642 1265/2123/642 1263/2124/642
f 1267/2125/643 1266/2126/643 1263/2127/643
f 1267/2125/643 1263/2127/643 1268/2128/643
f 1268/2129/4 1263/2120/4 1269/2119/4
f 1269/2119/4 1271/2130/4 1268/2129/4
f 1270/2131/644 1269/2132/644 1264/2133/644
f 1270/2131/644 1272/2134/644 1269/2132/644
f 1272/2134/645 1271/2135/645 1269/2132/645
f 1273/2136/2 1272/2137/2 1274/2138/2
f 1272/2134/645 1273/2139/645 1271/2135/645
f 1274/2138/2 1272/2137/2 1275/2140/2
f 1272/2137/2 1270/2141/2 1276/2142/2
f 1276/2142/2 1275/2140/2 1272/2137/2
f 1270/2141/2 1277/2143/2 1276/2142/2
f 1278/2144/646 1276/2145/646 1277/2146/646
f 1278/2144/646 1279/2147/646 1276/2145/646
f 1280/2148/647 1276/2145/647 1279/2147/647
f 1280/2148/647 1275/2149/647 1276/2145/647
f 1282/2150/2 1280/2151/2 1281/2152/2
f 1283/2153/2 1281/2152/2 1280/2151/2
f 1282/2154/648 1275/2149/648 1280/2148/648
f 1280/2151/2 1279/2155/2 1283/2153/2
f 1284/2156/2 1283/2153/2 1279/2155/2
f 1285/2157/655 1283/2158/655 1284/2159/655
f 1281/2160/654 1283/2158/654 1285/2157/654
f 1285/2157/655 1284/2159/655 1287/2161/655
f 1286/2162/2 1266/2163/2 1285/2164/2
f 1285/2164/2 1266/2163/2 1288/2165/2
f 1285/2164/2 1287/2166/2 1286/2162/2
f 1281/2160/654 1285/2157/654 1288/2167/654
f 1290/2168/2 1288/2165/2 1266/2163/2
f 1289/2169/653 1281/2170/653 1288/2171/653
f 1289/2169/653 1288/2171/653 1290/2172/653
f 1266/2163/2 1267/2173/2 1290/2168/2
f 1291/2174/651 1289/2169/651 1290/2172/651
f 1267/2173/2 1291/2175/2 1290/2168/2
f 1293/2176/2 1292/2177/2 1291/2175/2
f 1295/2178/652 1291/2174/652 1292/2179/652
f 1267/2173/2 1293/2176/2 1291/2175/2
f 1291/2174/651 1294/2180/651 1289/2169/651
f 1295/2178/652 1294/2180/652 1291/2174/652
f 1294/2181/2 1295/2182/2 1296/2183/2
f 1297/2184/2 1296/2183/2 1295/2182/2
f 1295/2182/2 1298/2185/2 1297/2184/2
f 1298/2186/710 1295/2178/710 1292/2179/710
f 1298/2185/2 1299/2187/2 1297/2184/2
f 1298/2186/710 1292/2179/710 1300/2188/710
f 1299/2189/692 1298/2186/692 1300/2188/693
f 1303/2190/2 1301/2191/2 1300/2192/2
f 1301/2191/2 1302/2193/2 1300/2192/2
f 1292/2177/2 1303/2190/2 1300/2192/2
f 1299/2189/692 1300/2188/693 1302/2194/693
f 1293/2176/2 1303/2190/2 1292/2177/2
f 1303/2195/685 1293/2196/685 1304/2197/685
f 1303/2195/685 1304/2197/685 1305/2198/685
f 1301/2199/709 1303/2195/709 1305/2198/709
f 1304/2200/4 1306/2201/4 1305/2202/4
f 1306/2201/4 1307/2203/4 1305/2202/4
f 1308/2204/4 1305/2202/4 1307/2203/4
f 1301/2199/709 1305/2198/709 1308/2205/709
f 1307/2203/4 1309/2206/4 1308/2204/4
f 1308/2204/4 1309/2206/4 1310/2207/4
f 1311/2208/702 1308/2205/702 1310/2209/702
f 1311/2208/702 1301/2199/702 1308/2205/702
f 1301/2191/2 1311/2210/2 1302/2193/2
f 1302/2193/2 1311/2210/2 1312/2211/2
f 1311/2210/2 1313/2212/2 1312/2211/2
f 1313/2213/703 1311/2208/791 1310/2209/703
f 1313/2212/2 1314/2214/2 1312/2211/2
f 1313/2212/2 1315/2215/2 1314/2214/2
f 1315/2216/704 1313/2213/704 1316/2217/704
f 1313/2213/703 1310/2209/703 1316/2217/703
f 1317/2218/4 1316/2219/4 1318/2220/4
f 1315/2216/704 1316/2217/704 1317/2221/704
f 1316/2219/4 1310/2207/4 1318/2220/4
f 1319/2222/701 1320/2223/701 1318/2224/701
f 1321/2225/698 1319/2222/698 1318/2224/699
f 1318/2220/4 1320/2226/4 1317/2218/4
f 1321/2225/698 1318/2224/699 1309/2227/699
f 1309/2206/4 1318/2220/4 1310/2207/4
f 1319/2228/2 1321/2229/2 1324/2230/2
f 1322/2231/700 1321/2225/700 1309/2227/700
f 1321/2229/2 1322/2232/2 1323/2233/2
f 1324/2230/2 1321/2229/2 1323/2233/2
f 1326/2234/2 1319/2228/2 1324/2230/2
f 1325/2235/696 1326/2236/696 1324/2237/696
f 1327/2238/697 1325/2235/697 1324/2237/697
f 1327/2238/697 1324/2237/697 1323/2239/697
f 1297/2240/689 1327/2238/689 1323/2239/690
f 1325/2241/2 1327/2242/2 1328/2243/2
f 1299/2187/2 1328/2243/2 1327/2242/2
f 1297/2184/2 1299/2187/2 1327/2242/2
f 1328/2244/810 1299/2189/810 1302/2194/810
f 1328/2244/810 1302/2194/810 1312/2245/810
f 1329/2246/695 1328/2244/695 1312/2245/695
f 1328/2243/2 1329/2247/2 1325/2241/2
f 1329/2246/695 1312/2245/695 1314/2248/695
f 1331/2249/707 1329/2246/707 1314/2248/707
f 1325/2241/2 1329/2247/2 1330/2250/2
f 1329/2247/2 1331/2251/2 1330/2250/2
f 1330/2252/708 1331/2249/708 1332/2253/708
f 1331/2249/707 1314/2248/707 1332/2253/707
f 1330/2252/708 1332/2253/708 1326/2236/708
f 1333/2254/2 1326/2234/2 1332/2255/2
f 1334/2256/2 1333/2254/2 1332/2255/2
f 1315/2215/2 1334/2256/2 1332/2255/2
f 1315/2215/2 1332/2255/2 1314/2214/2
f 1334/2257/705 1315/2216/705 1317/2221/705
f 1333/2258/706 1334/2257/706 1335/2259/706
f 1334/2257/705 1317/2221/705 1335/2259/705
f 1320/2226/4 1335/2260/4 1317/2218/4
f 1333/2258/706 1335/2259/706 1320/2223/706
f 1333/2254/2 1319/2228/2 1326/2234/2
f 1319/2222/701 1333/2258/701 1320/2223/701
f 1325/2235/696 1330/2252/696 1326/2236/696
f 1297/2240/689 1323/2239/690 1336/2261/690
f 1336/2262/2 1323/2233/2 1322/2232/2
f 1336/2262/2 1338/2263/2 1337/2264/2
f 1297/2240/691 1336/2261/691 1337/2265/691
f 1322/2232/2 1338/2263/2 1336/2262/2
f 1338/2263/2 1339/2266/2 1337/2264/2
f 1339/2267/686 1338/2268/686 1306/2269/686
f 1338/2268/688 1307/2270/688 1306/2269/688
f 1338/2268/688 1322/2231/688 1307/2270/688
f 1273/2139/687 1339/2267/687 1340/2271/687
f 1341/2272/2 1339/2266/2 1273/2136/2
f 1339/2266/2 1341/2272/2 1337/2264/2
f 1339/2267/686 1306/2269/686 1340/2271/686
f 1282/2154/649 1342/2273/649 1341/2274/649
f 1282/2154/649 1341/2274/649 1274/2275/649
f 1274/2138/2 1341/2272/2 1273/2136/2
f 1296/2276/650 1341/2274/650 1342/2273/650
f 1296/2276/650 1337/2265/650 1341/2274/650
f 1289/2277/2 1294/2181/2 1342/2278/2
f 1342/2278/2 1282/2150/2 1289/2277/2
f 1296/2183/2 1342/2278/2 1294/2181/2
f 1340/2279/4 1306/2201/4 1304/2200/4
f 1273/2139/687 1340/2271/687 1271/2135/687
f 1271/2130/4 1340/2279/4 1304/2200/4
f 1297/2240/691 1337/2265/691 1296/2276/691
f 1322/2231/700 1309/2227/700 1307/2270/700
f 1304/2200/4 1268/2129/4 1271/2130/4
f 1293/2196/684 1268/2128/684 1304/2197/684
f 1293/2196/684 1267/2125/684 1268/2128/684
f 1281/2152/2 1289/2277/2 1282/2150/2
f 1284/2159/666 1344/2280/666 1287/2161/666
f 1343/2281/2 1287/2166/2 1344/2282/2
f 1287/2166/2 1343/2281/2 1286/2162/2
f 1284/2159/666 1345/2283/666 1344/2280/666
f 1345/2283/667 1346/2284/667 1344/2280/667
f 1346/2285/2 1347/2286/2 1344/2282/2
f 1347/2286/2 1343/2281/2 1344/2282/2
f 1348/2287/2 1347/2286/2 1346/2285/2
f 1347/2288/665 1348/2289/665 1350/2290/665
f 1343/2291/657 1347/2288/657 1349/2292/657
f 1347/2288/665 1350/2290/665 1349/2292/665
f 1351/2293/4 1352/2294/4 1350/2295/4
f 1350/2295/4 1353/2296/4 1351/2293/4
f 1349/2297/4 1350/2295/4 1352/2294/4
f 1348/2289/664 1353/2298/664 1350/2290/664
f 1353/2296/4 1355/2299/4 1354/2300/4
f 1351/2293/4 1353/2296/4 1354/2300/4
f 1356/2301/811 1355/2302/811 1353/2298/811
f 1348/2289/664 1356/2301/664 1353/2298/664
f 1357/2303/2 1356/2304/2 1358/2305/2
f 1356/2301/811 1357/2306/811 1355/2302/811
f 1358/2305/2 1356/2304/2 1359/2307/2
f 1356/2304/2 1348/2287/2 1359/2307/2
f 1346/2285/2 1359/2307/2 1348/2287/2
f 1360/2308/670 1359/2309/670 1346/2284/670
f 1361/2310/672 1359/2309/672 1360/2308/672
f 1361/2310/672 1358/2311/672 1359/2309/672
f 1361/2312/2 1360/2313/2 1362/2314/2
f 1362/2314/2 1363/2315/2 1361/2312/2
f 1364/2316/2 1361/2312/2 1363/2315/2
f 1364/2317/673 1358/2311/673 1361/2310/673
f 1366/2318/682 1365/2319/682 1364/2317/682
f 1364/2317/673 1365/2319/673 1358/2311/673
f 1367/2320/2 1366/2321/2 1364/2316/2
f 1363/2315/2 1367/2320/2 1364/2316/2
f 1367/2322/677 1368/2323/677 1366/2318/677
f 1363/2324/676 1369/2325/676 1367/2322/676
f 1367/2322/677 1369/2325/677 1368/2323/677
f 1363/2324/676 1370/2326/676 1369/2325/676
f 1371/2327/2 1369/2328/2 1370/2329/2
f 1371/2327/2 1372/2330/2 1369/2328/2
f 1372/2330/2 1368/2331/2 1369/2328/2
f 1372/2332/679 1371/2333/679 1373/2334/679
f 1372/2332/679 1373/2334/679 1375/2335/679
f 1372/2330/2 1374/2336/2 1368/2331/2
f 1374/2337/678 1372/2332/678 1375/2335/678
f 1376/2338/4 1377/2339/4 1375/2340/4
f 1355/2299/4 1376/2338/4 1375/2340/4
f 1375/2340/4 1373/2341/4 1355/2299/4
f 1374/2337/678 1375/2335/678 1377/2342/678
f 1378/2343/680 1377/2342/680 1376/2344/680
f 1378/2343/680 1374/2337/680 1377/2342/680
f 1357/2306/681 1378/2343/681 1376/2344/681
f 1378/2345/2 1357/2303/2 1365/2346/2
f 1374/2336/2 1378/2345/2 1368/2331/2
f 1378/2345/2 1365/2346/2 1368/2331/2
f 1357/2306/681 1376/2344/681 1355/2302/681
f 1371/2333/662 1354/2347/662 1373/2334/662
f 1373/2341/4 1354/2300/4 1355/2299/4
f 1371/2333/662 1379/2348/662 1354/2347/662
f 1379/2349/2 1371/2327/2 1370/2329/2
f 1379/2348/661 1351/2350/661 1354/2347/661
f 1379/2348/661 1380/2351/661 1351/2350/661
f 1380/2352/2 1379/2349/2 1381/2353/2
f 1381/2353/2 1379/2349/2 1370/2329/2
f 1382/2354/683 1383/2355/683 1381/2356/683
f 1382/2354/683 1381/2356/683 1362/2357/683
f 1362/2357/674 1381/2356/675 1370/2326/675
f 1380/2352/2 1381/2353/2 1383/2358/2
f 1384/2359/2 1380/2352/2 1383/2358/2
f 1385/2360/2 1384/2359/2 1383/2358/2
f 1386/2361/669 1385/2362/669 1383/2355/669
f 1386/2361/669 1383/2355/669 1382/2354/669
f 1278/2144/668 1385/2362/668 1386/2361/668
f 1278/2363/2 1386/2364/2 1345/2365/2
f 1387/2366/2 1345/2365/2 1386/2364/2
f 1386/2364/2 1382/2367/2 1387/2366/2
f 1345/2283/667 1387/2368/667 1346/2284/667
f 1360/2308/670 1346/2284/670 1387/2368/670
f 1360/2313/2 1387/2366/2 1382/2367/2
f 1388/2369/2 1384/2359/2 1385/2360/2
f 1278/2144/668 1277/2146/668 1385/2362/668
f 1388/2369/2 1385/2360/2 1277/2143/2
f 1388/2370/658 1270/2131/658 1264/2133/658
f 1388/2370/658 1264/2133/658 1389/2371/658
f 1384/2372/659 1388/2370/659 1389/2371/659
f 1270/2141/2 1388/2369/2 1277/2143/2
f 1389/2373/4 1264/2118/4 1265/2121/4
f 1384/2372/659 1389/2371/659 1352/2374/659
f 1389/2373/4 1349/2297/4 1352/2294/4
f 1390/2375/4 1349/2297/4 1389/2373/4
f 1265/2121/4 1390/2375/4 1389/2373/4
f 1286/2376/656 1343/2291/656 1390/2377/656
f 1343/2291/657 1349/2292/657 1390/2377/657
f 1286/2376/656 1390/2377/656 1265/2123/656
f 1380/2351/660 1384/2372/660 1352/2374/660
f 1382/2367/2 1362/2314/2 1360/2313/2
f 1380/2351/660 1352/2374/660 1351/2350/660
f 1362/2357/674 1370/2326/675 1363/2324/674
f 1366/2318/682 1368/2323/682 1365/2319/682
f 1365/2346/2 1357/2303/2 1358/2305/2
f 1345/2365/2 1284/2156/2 1278/2363/2
f 1266/2122/642 1286/2376/642 1265/2123/642
f 1279/2155/2 1278/2363/2 1284/2156/2
f 1282/2154/648 1274/2275/648 1275/2149/648
f 1392/2378/1 1396/2379/1 1391/2380/1
f 1392/2378/1 1391/2380/1 1393/2381/1
f 1394/2382/4 1393/2383/4 1391/2384/4
f 1395/2385/812 1394/2386/812 1391/2387/812
f 1395/2385/812 1391/2387/812 1396/2379/812
f 1392/2378/2 1395/2385/2 1396/2379/2
f 1398/2388/813 1394/2389/813 1395/2385/813
f 1392/2378/2 1397/2390/2 1395/2385/2
f 1398/2388/813 1395/2385/813 1397/2390/813
f 1394/2382/4 1398/2391/4 1393/2383/4
f 1398/2391/814 1397/2390/814 1392/2378/814
f 1398/2391/814 1392/2378/814 1393/2383/814
s 0
f 1399/2392/4 1400/2392/4 1402/2392/4 1401/2392/4
f 1401/2392/815 1402/2392/815 1406/2392/815 1405/2392/815
f 1405/2392/2 1406/2392/2 1404/2392/2 1403/2392/2
f 1403/2392/816 1404/2392/816 1400/2392/816 1399/2392/816
f 1401/2392/817 1405/2392/817 1403/2392/817 1399/2392/817
f 1406/2392/818 1402/2392/818 1400/2392/818 1404/2392/818
f 1407/2392/4 1408/2392/4 1410/2392/4 1409/2392/4
f 1409/2392/819 1410/2392/819 1414/2392/819 1413/2392/819
f 1413/2392/2 1414/2392/2 1412/2392/2 1411/2392/2
f 1411/2392/820 1412/2392/820 1408/2392/820 1407/2392/820
f 1409/2392/821 1413/2392/821 1411/2392/821 1407/2392/821
f 1414/2392/822 1410/2392/822 1408/2392/822 1412/2392/822
